Player,Season,Position,Team,18-20 Blend,20-22+ Blend,18-20 Blend Lower,20-22+ Blend Lower,18-20 Blend Upper,20-22+ Blend Upper
Connor McDavid,25-26,F,EDM,100,107,99.0,106.0,102.0,109.0
Nathan MacKinnon,23-24,F,COL,98,104,97.0,103.0,99.0,105.0
Matthew Schaefer,25-26,D,NYI,97,104,95.80962338307943,102.2237865546715,98.46647232962546,104.9473162411184
Jake Sanderson,25-26,D,OTT,98,103,95.75875388169038,100.6204589452042,100.2881636987889,105.1753654753076
Connor McDavid,24-25,F,EDM,96,101,96.0,100.0,98.0,102.0
Connor McDavid,21-22,F,EDM,98,100,97.0,99.0,98.0,100.0
Nathan MacKinnon,22-23,F,COL,96,100,95.0,99.0,97.0,100.0
Nathan MacKinnon,24-25,F,COL,96,100,95.0,98.0,97.0,101.0
Connor McDavid,22-23,F,EDM,96,99,96.0,98.0,97.0,99.0
Cale Makar,24-25,D,COL,93,99,91.52212803092323,97.40732047114678,94.42032420221426,100.3218310142865
Cale Makar,25-26,D,COL,94,99,92.24985922676098,97.51820503200422,95.23482724985317,100.5199758784413
Nathan MacKinnon,21-22,F,COL,96,98,95.0,98.0,96.0,99.0
Connor McDavid,23-24,F,EDM,94,98,94.0,97.0,96.0,98.0
Cale Makar,23-24,D,COL,92,98,90.19405370048565,96.25572061331843,92.98695714357206,99.06434572002418
Jake Sanderson,24-25,D,OTT,95,98,93.82240418948206,96.29511589176965,96.28456435900287,98.77113592245323
Cale Makar,22-23,D,COL,92,97,90.65683912760299,96.30111906245529,92.55884419751912,98.2401981771331
Roope Hintz,21-22,F,DAL,94,96,93.0,95.0,94.0,96.0
Cale Makar,21-22,D,COL,91,96,90.20263105462277,95.34375466677318,91.64392334498336,96.8212200472372
Luke Hughes,23-24,D,N.J,94,96,93.19510400806529,95.72326686971155,94.56175644221341,97.12421910687058
Nathan MacKinnon,25-26,F,COL,94,95,92.0,94.0,95.0,97.0
Erik Karlsson,25-26,D,PIT,92,95,90.33879207355847,92.81652091091279,93.72828575557767,96.22509455061567
Brayden Point,21-22,F,T.B,93,94,93.0,93.0,93.0,94.0
Brayden Point,22-23,F,T.B,94,94,94.0,94.0,95.0,94.0
Owen Tippett,25-26,F,PHI,91,94,90.0,93.0,91.0,94.0
Jake Sanderson,23-24,D,OTT,92,94,91.40579665230281,93.00774367344738,92.9754427764079,94.60798547344498
Luke Hughes,24-25,D,N.J,93,94,92.22060815803391,93.33918353279826,94.05467607603704,95.20900125881374
Olen Zellweger,25-26,D,ANA,94,94,93.16125252801395,92.64385837196437,95.56712335374249,95.06327219787339
Julien Gauthier,21-22,F,NYR,88,93,88.0,92.0,89.0,93.0
Brayden Point,23-24,F,T.B,94,93,93.0,92.0,94.0,94.0
Julien Gauthier,23-24,F,NYI,88,93,87.0,92.0,89.0,94.0
Roope Hintz,23-24,F,DAL,92,93,92.0,92.0,93.0,94.0
Brayden Point,25-26,F,T.B,94,93,93.0,93.0,94.0,94.0
Roope Hintz,25-26,F,DAL,92,93,92.0,93.0,93.0,94.0
Mike Matheson,22-23,D,MTL,89,93,88.59651371178671,91.69957343164754,90.32184951219375,93.45853962437316
Jack Eichel,21-22,F,VGK,92,92,92.0,91.0,92.0,92.0
Sam Lafferty,21-22,F,CHI/PIT,90,92,90.0,92.0,90.0,92.0
Denis Gurianov,22-23,F,DAL/MTL,90,92,90.0,92.0,91.0,92.0
Julien Gauthier,22-23,F,NYR/OTT,87,92,87.0,91.0,88.0,92.0
Roope Hintz,22-23,F,DAL,93,92,92.0,91.0,94.0,92.0
Martin Necas,23-24,F,CAR,92,92,92.0,92.0,93.0,93.0
Miles Wood,23-24,F,COL,89,92,89.0,91.0,89.0,92.0
Brayden Point,24-25,F,T.B,94,92,93.0,92.0,94.0,93.0
Martin Necas,24-25,F,CAR/COL,93,92,92.0,92.0,94.0,93.0
Miles Wood,24-25,F,COL,90,92,89.0,91.0,90.0,92.0
Martin Necas,25-26,F,COL,94,92,93.0,91.0,94.0,93.0
Tim Stützle,25-26,F,OTT,92,92,91.0,91.0,92.0,92.0
Erik Karlsson,21-22,D,S.J,89,92,88.72619608077895,90.99193025355945,89.73902385590962,92.03017765426787
Kaiden Guhle,22-23,D,MTL,89,92,89.01344881082163,91.37267290033412,89.89402908360185,92.27535369343462
Zach Werenski,24-25,D,CBJ,91,92,90.10928952361519,90.51395382056329,92.45302510133104,92.87088263002396
Quinn Hughes,25-26,D,MIN/VAN,94,92,92.73941565857501,91.07296698044807,95.28549214291624,93.63337570321131
Zach Werenski,25-26,D,CBJ,92,92,90.90497884895268,90.99594151734935,93.09625181979781,93.19954948553608
Denis Gurianov,21-22,F,DAL,90,91,89.0,91.0,90.0,91.0
Rasmus Kupari,24-25,F,WPG,89,91,88.0,90.0,89.0,92.0
Yegor Chinakhov,24-25,F,CBJ,90,91,90.0,90.0,90.0,91.0
Jack Eichel,25-26,F,VGK,93,91,92.0,90.0,93.0,91.0
Josh Anderson,25-26,F,MTL,90,91,89.0,90.0,90.0,91.0
Logan Cooley,25-26,F,UTA,90,91,89.0,91.0,90.0,92.0
Jamie Drysdale,21-22,D,ANA,90,91,89.63510293689991,91.07574812264804,90.26704720667378,91.72355272634844
Miro Heiskanen,21-22,D,DAL,91,91,90.64922140490684,91.15224717611663,91.2746824444659,91.79340583557656
Bowen Byram,22-23,D,COL,89,91,88.79843676024076,89.80508386049264,90.16732005718865,91.20064954721292
Erik Karlsson,22-23,D,S.J,90,91,89.21402157639334,90.51878544757727,90.54201033886815,91.87265948007672
Jamie Drysdale,23-24,D,ANA/PHI,90,91,89.5477086050642,90.91537389039307,90.62513208493084,92.01379860046234
Mike Matheson,23-24,D,MTL,89,91,87.82015217767365,90.16826427040007,90.087610082609,92.44848602885878
Spencer Stastney,23-24,D,NSH,89,91,88.24689938620739,90.71235353402005,89.5265932893546,92.02416478294987
Colton Parayko,24-25,D,STL,89,91,87.83353220842274,89.8878684202887,89.92988085317563,91.99601771941198
Erik Karlsson,24-25,D,PIT,91,91,90.54230740378627,90.71138311054303,91.89093225535287,92.06759956944482
Jamie Drysdale,24-25,D,PHI,91,91,89.67093775697516,89.67597612232224,91.80107093166603,91.81810012946377
Quinn Hughes,24-25,D,VAN,91,91,90.28405348308924,90.02211969915396,91.86426681247218,91.61122828142253
Lane Hutson,25-26,D,MTL,94,91,93.09447485691803,90.65605249800748,94.22629621138789,91.80993541068324
Philip Broberg,25-26,D,STL,89,91,87.72909748929658,89.55466815487421,90.11125545995613,91.95023564257079
Alex Formenton,21-22,F,OTT,90,90,89.0,89.0,90.0,90.0
Chandler Stephenson,21-22,F,VGK,90,90,90.0,89.0,90.0,90.0
Ilya Mikheyev,21-22,F,TOR,90,90,89.0,90.0,89.0,90.0
Justin Danforth,21-22,F,CBJ,90,90,89.0,90.0,90.0,91.0
Ryan McLeod,21-22,F,EDM,90,90,90.0,90.0,90.0,91.0
Valeri Nichushkin,21-22,F,COL,90,90,90.0,90.0,90.0,91.0
Chandler Stephenson,22-23,F,VGK,90,90,89.0,89.0,90.0,89.0
Jack Eichel,22-23,F,VGK,92,90,91.0,91.0,92.0,91.0
Josh Anderson,22-23,F,MTL,90,90,90.0,90.0,90.0,90.0
Mathew Barzal,22-23,F,NYI,90,90,90.0,89.0,90.0,90.0
Ryan McLeod,22-23,F,EDM,91,90,90.0,90.0,91.0,91.0
Ryan Poehling,22-23,F,PIT,88,90,88.0,90.0,89.0,91.0
Jack Eichel,23-24,F,VGK,90,90,90.0,89.0,91.0,90.0
Josh Anderson,23-24,F,MTL,90,90,90.0,90.0,91.0,91.0
Owen Tippett,23-24,F,PHI,88,90,88.0,90.0,89.0,91.0
Ryan McLeod,23-24,F,EDM,91,90,90.0,90.0,91.0,91.0
Yegor Chinakhov,23-24,F,CBJ,90,90,89.0,89.0,90.0,90.0
Jack Eichel,24-25,F,VGK,92,90,91.0,90.0,92.0,91.0
Josh Anderson,24-25,F,MTL,90,90,90.0,89.0,90.0,90.0
Owen Tippett,24-25,F,PHI,90,90,89.0,90.0,90.0,91.0
Roope Hintz,24-25,F,DAL,92,90,91.0,90.0,92.0,91.0
Tim Stützle,24-25,F,OTT,92,90,91.0,90.0,92.0,91.0
Ethen Frank,25-26,F,WSH,88,90,88.0,90.0,89.0,91.0
Kirill Marchenko,25-26,F,CBJ,91,90,90.0,89.0,91.0,90.0
Miles Wood,25-26,F,CBJ,88,90,88.0,90.0,89.0,91.0
Bowen Byram,21-22,D,COL,91,90,90.39482606454371,90.09801819525131,90.91405452404007,90.6302780835392
Darnell Nurse,21-22,D,EDM,90,90,89.32529513816779,89.90846677262614,89.97548923453027,90.5749792311902
Mike Matheson,21-22,D,PIT,88,90,87.904084527385,89.53876795621142,88.56968470652866,90.2210731544647
Oliver Kylington,21-22,D,CGY,89,90,88.39212482314821,90.14363388853187,89.06535665656867,90.83376227786516
Jake Sanderson,22-23,D,OTT,90,90,89.44147913585928,89.99390676032992,89.96446148113597,90.53001474821548
Erik Karlsson,23-24,D,PIT,90,90,88.77466244109324,89.034782802682,90.67396183121605,90.94477362798416
Oliver Kylington,23-24,D,CGY,88,90,87.47772547165759,89.06826761262262,88.3385779557935,89.94589990667326
Brandon Montour,24-25,D,SEA,91,90,89.79653518937818,88.97987531779242,91.29062811529714,90.48237871219911
Spencer Stastney,24-25,D,NSH,89,90,87.86153927318415,89.38975997248085,89.52915821706186,91.08988428679561
Brandon Montour,25-26,D,SEA,90,90,89.60283920334109,89.20571005013903,91.12362846870225,90.73506006160302
Jamie Drysdale,25-26,D,PHI,91,90,89.86222907249329,89.49731513139226,91.71746257600608,91.36299201673759
Luke Hughes,25-26,D,N.J,91,90,89.30341868360924,88.73424731997369,92.59283186701735,92.04217709324196
Adrian Kempe,21-22,F,L.A,89,89,89.0,89.0,89.0,89.0
Evgeny Kuznetsov,21-22,F,WSH,90,89,90.0,89.0,91.0,89.0
Jayson Megna,21-22,F,COL,87,89,86.0,88.0,87.0,89.0
Josh Anderson,21-22,F,MTL,90,89,89.0,89.0,90.0,89.0
Pierre Engvall,21-22,F,TOR,88,89,88.0,89.0,88.0,89.0
Rasmus Kupari,21-22,F,L.A,89,89,89.0,89.0,89.0,89.0
Andreas Athanasiou,22-23,F,CHI,88,89,88.0,89.0,88.0,89.0
Leon Draisaitl,22-23,F,EDM,88,89,88.0,88.0,89.0,89.0
Miles Wood,22-23,F,N.J,87,89,87.0,89.0,87.0,89.0
Nikolaj Ehlers,22-23,F,WPG,88,89,87.0,89.0,88.0,89.0
Yegor Chinakhov,22-23,F,CBJ,87,89,87.0,89.0,88.0,90.0
Adrian Kempe,23-24,F,L.A,89,89,89.0,89.0,89.0,89.0
Denis Gurianov,23-24,F,NSH/PHI,88,89,88.0,88.0,89.0,89.0
Mathew Barzal,23-24,F,NYI,90,89,90.0,89.0,91.0,89.0
Tim Stützle,23-24,F,OTT,90,89,90.0,89.0,91.0,89.0
Adrian Kempe,24-25,F,L.A,89,89,88.0,88.0,89.0,89.0
Ryan Poehling,24-25,F,PHI,88,89,87.0,88.0,88.0,89.0
Quinton Byfield,25-26,F,L.A,91,89,90.0,88.0,91.0,89.0
Yegor Chinakhov,25-26,F,CBJ/PIT,88,89,87.0,89.0,89.0,90.0
Gustav Forsling,21-22,D,FLA,89,89,88.77704456887541,88.39905056418007,89.32579510806417,88.96157346781645
Morgan Rielly,21-22,D,TOR,89,89,88.4551942364095,88.36088927075346,88.93717665075951,88.85496832463949
Seth Jones,21-22,D,CHI,90,89,89.65419909202362,88.42131820926897,90.2569114294551,89.03915722699575
Darnell Nurse,22-23,D,EDM,88,89,87.42385244040908,88.02543212857569,88.4038305346444,89.0245120392603
Devon Toews,22-23,D,COL,89,89,88.2204413430114,88.29136610536864,89.08491098644268,89.1726860646916
Gustav Forsling,22-23,D,FLA,88,89,88.08030609488542,88.32892349574637,88.85963505363254,89.12344320091036
Martin Fehervary,22-23,D,WSH,86,89,85.82123810480945,87.91336224080871,87.03643827582856,89.15224919702484
Miro Heiskanen,22-23,D,DAL,89,89,88.80793718230026,87.97845631369788,89.97742519721808,89.17074008857402
Miro Heiskanen,23-24,D,DAL,90,89,88.95436928583497,87.89509582295857,90.63134117079697,89.58150762892454
Samuel Girard,23-24,D,COL,89,89,88.66558875463504,88.3194093856652,90.18501411125925,89.84738781074965
Sean Walker,23-24,D,COL/PHI,88,89,87.58861573801447,88.28748293888877,88.78434796264224,89.50652247784498
Lane Hutson,24-25,D,MTL,90,89,89.81397461061276,88.3399261383565,90.42482156155673,88.96610392950802
Mike Matheson,24-25,D,MTL,88,89,86.43918763447476,87.68000486320585,88.67156578756975,89.92494940074961
Miro Heiskanen,24-25,D,DAL,90,89,89.37818890550534,87.96953242975674,90.69371094049349,89.29245973146442
Olen Zellweger,24-25,D,ANA,90,89,89.40706752935375,88.29178134343756,90.41853104104645,89.32296038801732
Travis Sanheim,24-25,D,PHI,90,89,89.67563344144564,88.23041777098003,91.0530281891251,89.61556607596476
Sam Malinski,25-26,D,COL,90,89,89.04615442394098,88.7099598521981,90.21219445432632,89.88256369314762
Alexei Toropchenko,21-22,F,STL,86,88,86.0,88.0,86.0,88.0
Andreas Athanasiou,21-22,F,L.A,88,88,88.0,88.0,88.0,88.0
Brendan Lemieux,21-22,F,L.A,86,88,85.0,87.0,86.0,88.0
Carter Verhaeghe,21-22,F,FLA,88,88,88.0,87.0,88.0,87.0
Chris Kreider,21-22,F,NYR,88,88,88.0,88.0,88.0,89.0
Dylan Larkin,21-22,F,DET,88,88,89.0,87.0,89.0,88.0
Eric Robinson,21-22,F,CBJ,86,88,87.0,88.0,87.0,88.0
Gregory Hofmann,21-22,F,CBJ,88,88,87.0,88.0,88.0,88.0
Leon Draisaitl,21-22,F,EDM,88,88,87.0,87.0,88.0,88.0
Logan O'Connor,21-22,F,COL,86,88,86.0,87.0,86.0,87.0
Marian Studenic,21-22,F,DAL/N.J,87,88,87.0,87.0,87.0,88.0
Martin Necas,21-22,F,CAR,89,88,89.0,88.0,89.0,88.0
Mathew Barzal,21-22,F,NYI,88,88,87.0,87.0,88.0,87.0
Michael McLeod,21-22,F,N.J,88,88,88.0,87.0,88.0,88.0
Nikolaj Ehlers,21-22,F,WPG,88,88,87.0,88.0,87.0,88.0
Noah Gregor,21-22,F,S.J,87,88,87.0,88.0,87.0,88.0
Adrian Kempe,22-23,F,L.A,88,88,88.0,87.0,88.0,88.0
Alex Tuch,22-23,F,BUF,88,88,88.0,87.0,88.0,88.0
Chris Kreider,22-23,F,NYR,88,88,87.0,88.0,88.0,88.0
Dylan Larkin,22-23,F,DET,88,88,88.0,87.0,88.0,87.0
Eric Robinson,22-23,F,CBJ,87,88,87.0,87.0,87.0,88.0
Josh Archibald,22-23,F,PIT,86,88,86.0,87.0,86.0,88.0
Logan O'Connor,22-23,F,COL,86,88,86.0,88.0,87.0,88.0
Lukas Reichel,22-23,F,CHI,88,88,88.0,88.0,88.0,88.0
Martin Necas,22-23,F,CAR,90,88,89.0,88.0,90.0,88.0
Nicolas Aube-Kubel,22-23,F,TOR/WSH,86,88,86.0,87.0,87.0,88.0
Noah Gregor,22-23,F,S.J,87,88,87.0,87.0,87.0,88.0
Pierre Engvall,22-23,F,NYI/TOR,88,88,88.0,87.0,88.0,88.0
Rasmus Kupari,22-23,F,L.A,86,88,87.0,87.0,87.0,88.0
Sam Lafferty,22-23,F,CHI/TOR,88,88,88.0,87.0,89.0,88.0
Adam Fantilli,23-24,F,CBJ,90,88,89.0,89.0,90.0,89.0
Alexei Toropchenko,23-24,F,STL,87,88,87.0,88.0,88.0,89.0
Andreas Athanasiou,23-24,F,CHI,87,88,87.0,88.0,88.0,89.0
Bobby McMann,23-24,F,TOR,86,88,86.0,87.0,86.0,88.0
Jack Studnicka,23-24,F,S.J/VAN,86,88,86.0,87.0,86.0,87.0
Josh Norris,23-24,F,OTT,88,88,88.0,87.0,88.0,88.0
Justin Bailey,23-24,F,S.J,86,88,86.0,88.0,86.0,88.0
Justin Danforth,23-24,F,CBJ,88,88,88.0,87.0,88.0,88.0
Logan O'Connor,23-24,F,COL,86,88,86.0,87.0,87.0,88.0
Michael McLeod,23-24,F,N.J,88,88,88.0,87.0,89.0,88.0
Nicolas Aube-Kubel,23-24,F,WSH,88,88,87.0,87.0,88.0,88.0
Noah Gregor,23-24,F,TOR,86,88,86.0,87.0,86.0,88.0
Pierre Engvall,23-24,F,NYI,88,88,88.0,87.0,89.0,88.0
Quinton Byfield,23-24,F,L.A,86,88,86.0,87.0,87.0,88.0
Rasmus Kupari,23-24,F,WPG,88,88,87.0,88.0,88.0,89.0
Ryan Poehling,23-24,F,PHI,88,88,87.0,87.0,88.0,88.0
Sam Lafferty,23-24,F,VAN,88,88,87.0,87.0,88.0,89.0
Valeri Nichushkin,23-24,F,COL,88,88,88.0,87.0,89.0,89.0
Adam Fantilli,24-25,F,CBJ,90,88,89.0,88.0,90.0,89.0
Alex Newhook,24-25,F,MTL,86,88,87.0,87.0,87.0,88.0
Alexei Toropchenko,24-25,F,STL,87,88,87.0,88.0,87.0,89.0
Bo Horvat,24-25,F,NYI,90,88,89.0,88.0,90.0,88.0
Bobby McMann,24-25,F,TOR,88,88,87.0,88.0,88.0,89.0
Emil Heineman,24-25,F,MTL,86,88,86.0,87.0,86.0,87.0
Ethen Frank,24-25,F,WSH,86,88,86.0,88.0,86.0,88.0
Filip Chytil,24-25,F,NYR/VAN,90,88,89.0,87.0,90.0,88.0
Frank Nazar,24-25,F,CHI,88,88,87.0,88.0,88.0,88.0
Josh Norris,24-25,F,BUF/OTT,89,88,89.0,88.0,90.0,88.0
Leon Draisaitl,24-25,F,EDM,88,88,88.0,87.0,89.0,88.0
Mathew Barzal,24-25,F,NYI,90,88,89.0,87.0,90.0,88.0
Quinton Byfield,24-25,F,L.A,90,88,90.0,88.0,91.0,89.0
Valeri Nichushkin,24-25,F,COL,89,88,88.0,87.0,89.0,88.0
Adrian Kempe,25-26,F,L.A,88,88,88.0,87.0,89.0,88.0
Bobby McMann,25-26,F,TOR,88,88,88.0,88.0,89.0,89.0
Cutter Gauthier,25-26,F,ANA,89,88,89.0,88.0,89.0,89.0
Dominic James,25-26,F,T.B,86,88,86.0,88.0,87.0,89.0
Frank Nazar,25-26,F,CHI,88,88,87.0,88.0,87.0,88.0
Jack Roslovic,25-26,F,EDM,87,88,87.0,87.0,88.0,88.0
Josh Norris,25-26,F,BUF,88,88,88.0,88.0,89.0,88.0
Mathew Barzal,25-26,F,NYI,90,88,90.0,88.0,91.0,89.0
Morgan Barron,25-26,F,WPG,86,88,86.0,87.0,87.0,88.0
Ryan McLeod,25-26,F,BUF,92,88,90.0,87.0,92.0,89.0
Charlie McAvoy,21-22,D,BOS,89,88,88.70097979506191,87.28913749313892,89.17078796722281,87.77073675962299
Devon Toews,21-22,D,COL,88,88,87.4799134713628,87.82141863698018,88.06825701297743,88.42452823547649
Martin Fehervary,21-22,D,WSH,88,88,87.77387982879307,88.20019458433599,88.16086060766867,88.59688768227149
Quinn Hughes,21-22,D,VAN,89,88,88.6340238810123,87.59862374314152,89.05365326069813,88.02878484596424
Victor Mete,21-22,D,OTT,87,88,86.21578218134172,87.90655657064832,86.8365522251222,88.54290650122718
Brandon Montour,22-23,D,FLA,89,88,88.9503205572632,87.97493475719038,89.92486047273863,88.9684704876717
Morgan Rielly,22-23,D,TOR,88,88,88.0016214369717,87.62602442797916,88.77200942065605,88.41142887983318
Nick Jensen,22-23,D,WSH,88,88,87.75702165419541,87.72783144832475,88.31675269404052,88.29847281325465
Colton Parayko,23-24,D,STL,87,88,86.16449052062337,87.25212120336825,87.93793952636373,89.03555321399313
Darnell Nurse,23-24,D,EDM,88,88,87.15310558906792,87.00575327673101,88.48324231456901,88.3433775371907
Jalen Chatfield,23-24,D,CAR,87,88,86.49384462474052,86.98411123164526,87.87842478096238,88.37648539289225
K'Andre Miller,23-24,D,NYR,87,88,86.50919021656172,87.73698789102751,87.73565324099883,88.97035485593543
Kaiden Guhle,23-24,D,MTL,87,88,85.8811427407536,87.59850463449695,87.50600808526008,89.25504199264142
Morgan Rielly,23-24,D,TOR,88,88,87.45059640048285,86.9729464589445,88.6455856011878,88.17466242934454
Quinn Hughes,23-24,D,VAN,89,88,88.3624748335729,87.6009034528156,89.57507200319552,88.82032650997607
Michael Kesselring,24-25,D,UTA,88,88,87.45101801453258,87.56216650696786,88.21875398201855,88.34486724929798
Niko Mikkola,24-25,D,FLA,90,88,89.01243489060371,87.37331706202897,90.47000292944128,88.8390899654012
Oliver Kylington,24-25,D,ANA/COL,87,88,86.30239507945903,87.75496930909298,87.63264247036179,89.09270485790614
Philip Broberg,24-25,D,STL,86,88,84.89981706566444,86.45047825607404,87.04456716702893,88.60730147071594
Sam Malinski,24-25,D,COL,88,88,87.68722675310329,87.43955976025269,88.41829573787,88.18487880391451
Sean Walker,24-25,D,CAR,87,88,86.13619441403078,86.7859769716142,87.89566117445206,88.55534802880781
Shea Theodore,24-25,D,VGK,89,88,88.17602091695149,87.40834779808927,89.30933915235236,88.54804564826513
Bowen Byram,25-26,D,BUF,89,88,88.4756426117497,86.86665495072931,89.84650948284694,88.24523863275593
Brock Faber,25-26,D,MIN,88,88,87.5782026281734,87.48508860821197,89.03518398324803,88.95027152529221
Colton Parayko,25-26,D,STL,87,88,86.29278139228674,86.97149065011288,88.60250575845743,89.29421679392405
Darnell Nurse,25-26,D,EDM,88,88,87.29032484151713,86.97176390282011,88.4806449735961,88.16878452172122
Jackson Lacombe,25-26,D,ANA,90,88,89.09174860523683,87.31361819596978,90.9918211226583,89.2243865006177
Travis Sanheim,25-26,D,PHI,90,88,89.36383022188026,87.68556519584405,90.7474701495442,89.0769938358485
Kasperi Kapanen,21-22,F,PIT,86,87,86.0,87.0,86.0,87.0
Luke Glendening,21-22,F,DAL,87,87,87.0,87.0,87.0,87.0
Mika Zibanejad,21-22,F,NYR,88,87,88.0,86.0,88.0,87.0
Zach Hyman,21-22,F,EDM,87,87,87.0,87.0,87.0,87.0
Alex Newhook,22-23,F,COL,86,87,87.0,87.0,87.0,87.0
Denis Malgin,22-23,F,COL/TOR,86,87,86.0,87.0,86.0,87.0
Dillon Dube,22-23,F,CGY,88,87,88.0,87.0,88.0,87.0
Filip Chytil,22-23,F,NYR,88,87,88.0,87.0,88.0,87.0
Jesper Bratt,22-23,F,N.J,88,87,87.0,87.0,88.0,87.0
Beck Malenstyn,23-24,F,WSH,86,87,87.0,87.0,87.0,87.0
Bo Horvat,23-24,F,NYI,88,87,87.0,87.0,88.0,87.0
Chandler Stephenson,23-24,F,VGK,88,87,87.0,86.0,88.0,87.0
Drew O'Connor,23-24,F,PIT,88,87,87.0,86.0,88.0,87.0
J.T. Miller,23-24,F,VAN,86,87,86.0,87.0,87.0,87.0
Jack Hughes,23-24,F,N.J,90,87,89.0,87.0,90.0,87.0
Jesper Bratt,23-24,F,N.J,88,87,87.0,87.0,88.0,87.0
Kasperi Kapanen,23-24,F,STL,86,87,85.0,87.0,86.0,88.0
Martin Pospisil,23-24,F,CGY,86,87,86.0,87.0,86.0,87.0
Max Jones,23-24,F,ANA,86,87,86.0,87.0,86.0,87.0
Nikolaj Ehlers,23-24,F,WPG,86,87,86.0,87.0,87.0,87.0
Ross Colton,23-24,F,COL,87,87,86.0,87.0,87.0,87.0
Adam Edstrom,24-25,F,NYR,86,87,86.0,87.0,86.0,87.0
Brandon Hagel,24-25,F,T.B,86,87,86.0,86.0,87.0,87.0
Cutter Gauthier,24-25,F,ANA,88,87,87.0,87.0,87.0,87.0
Logan Cooley,24-25,F,UTA,87,87,87.0,87.0,88.0,87.0
Mark Kastelic,24-25,F,BOS,88,87,87.0,87.0,88.0,87.0
Michael Carcone,24-25,F,UTA,86,87,85.0,87.0,86.0,87.0
Ryan McLeod,24-25,F,BUF,89,87,88.0,86.0,90.0,88.0
Vinnie Hinostroza,24-25,F,MIN/NSH,87,87,87.0,87.0,88.0,87.0
Walker Duehr,24-25,F,CGY/S.J,86,87,85.0,87.0,86.0,87.0
William Karlsson,24-25,F,VGK,87,87,87.0,87.0,88.0,87.0
Zach Aston-Reese,24-25,F,CBJ,87,87,87.0,87.0,87.0,87.0
Adam Edstrom,25-26,F,NYR,85,87,85.0,87.0,85.0,87.0
Adam Fantilli,25-26,F,CBJ,88,87,88.0,87.0,89.0,87.0
Beck Malenstyn,25-26,F,BUF,86,87,86.0,86.0,87.0,87.0
Bo Horvat,25-26,F,NYI,87,87,87.0,87.0,88.0,88.0
Emil Heineman,25-26,F,NYI,87,87,87.0,87.0,87.0,87.0
Eric Robinson,25-26,F,CAR,85,87,85.0,86.0,86.0,87.0
J.T. Miller,25-26,F,NYR,86,87,86.0,86.0,87.0,87.0
Leon Draisaitl,25-26,F,EDM,88,87,87.0,86.0,88.0,87.0
Max Sasson,25-26,F,VAN,87,87,87.0,87.0,87.0,88.0
Michael Carcone,25-26,F,UTA,86,87,86.0,87.0,86.0,87.0
Michael Misa,25-26,F,S.J,87,87,87.0,87.0,87.0,87.0
Noah Laba,25-26,F,NYR,87,87,87.0,87.0,87.0,87.0
Oliver Moore,25-26,F,CHI,88,87,87.0,87.0,88.0,87.0
Ross Colton,25-26,F,COL,88,87,87.0,86.0,88.0,87.0
Ryan Poehling,25-26,F,ANA,87,87,87.0,87.0,88.0,88.0
Seth Jarvis,25-26,F,CAR,87,87,87.0,87.0,88.0,88.0
Tyson Kozak,25-26,F,BUF,87,87,87.0,87.0,87.0,87.0
Vinnie Hinostroza,25-26,F,FLA/MIN,86,87,86.0,87.0,87.0,88.0
Zack Ostapchuk,25-26,F,S.J,86,87,86.0,87.0,87.0,87.0
Brett Kulak,21-22,D,EDM/MTL,87,87,86.50310192519211,86.43366317688424,86.86797867147286,86.80769748232777
Colton Parayko,21-22,D,STL,87,87,86.59184576292097,87.13753381819598,87.00070943165767,87.55665901572053
Hampus Lindholm,21-22,D,ANA/BOS,87,87,86.78534121217147,86.55338914790974,87.11167701910907,86.88791522591676
Jacob Bryson,21-22,D,BUF,87,87,86.2839866722246,86.56863656525124,86.72496694820663,87.02068442229479
Josh Mahura,21-22,D,ANA,86,87,85.95200926180405,86.35810604419369,86.73336753222932,87.15907459305323
Nick Jensen,21-22,D,WSH,87,87,86.69179575282581,87.13616647962154,87.04045614512286,87.49357743824743
Nick Leddy,21-22,D,DET/STL,85,87,84.6103880730416,86.46543898800942,85.15499707020781,87.02371640653428
Shea Theodore,21-22,D,VGK,88,87,87.37041720967368,86.40919374248573,87.84689937337065,86.89763450219779
Travis Sanheim,21-22,D,PHI,88,87,87.54211166944438,86.60914865411917,87.8941001301679,86.96997120796195
Victor Hedman,21-22,D,T.B,87,87,87.16614997521872,87.29652646795682,87.52356791787757,87.66291477112536
Zach Werenski,21-22,D,CBJ,88,87,87.54171546139257,87.14809344017885,87.88213908127244,87.49706090252398
Charlie McAvoy,22-23,D,BOS,88,87,87.96230438159053,86.50150265437398,88.71457030021558,87.26843180433366
Colton Parayko,22-23,D,STL,86,87,85.90627881522335,87.06256817563093,86.7291129635212,87.90144107720445
Jacob MacDonald,22-23,D,COL/S.J,86,87,85.919067082363,86.64287162273786,86.4413419547674,87.17825438182463
Jakob Chychrun,22-23,D,ARI/OTT,87,87,87.1527030746536,86.87494631715887,87.77836353758468,87.51280220710285
K'Andre Miller,22-23,D,NYR,86,87,85.44412141257364,86.20094926552493,86.07842450026943,86.84761624301137
Quinn Hughes,22-23,D,VAN,88,87,87.59016230667369,86.64303748289842,88.19145195785437,87.25604752315441
Bowen Byram,23-24,D,BUF/COL,88,87,86.8323336730435,86.04830752182149,89.13530701707549,88.36424464099896
Brandon Montour,23-24,D,FLA,87,87,86.72064018879182,85.8851146863038,88.15855169880255,87.33112041136187
Brock Faber,23-24,D,MIN,86,87,85.57845808396549,86.39359300205317,86.0539471674826,86.88101575757858
Charlie McAvoy,23-24,D,BOS,90,87,88.94052266035857,86.28876569960181,90.31892810690228,87.67493039282313
Devon Toews,23-24,D,COL,87,87,85.91848698010882,86.16449208704071,87.25529993537306,87.50883015874128
Gustav Forsling,23-24,D,FLA,88,87,87.09791226173645,86.59479736570322,88.25504478080917,87.75844355365084
Martin Fehervary,23-24,D,WSH,85,87,84.39244634302666,86.45646067854068,86.12080832151953,88.19455186042066
Nick Leddy,23-24,D,STL,84,87,83.14296341427254,85.71225680943705,85.11543328831578,87.69583000605873
Sam Malinski,23-24,D,COL,87,87,86.46229321430164,87.0761757591396,86.85832479869823,87.48214681680057
Shea Theodore,23-24,D,VGK,87,87,86.51919361015852,86.05283477681014,87.8670991784992,87.40832790353511
Thomas Chabot,23-24,D,OTT,90,87,89.16065435253313,86.88871986811047,90.28739098412558,88.02179906566357
Thomas Harley,23-24,D,DAL,89,87,88.28515411701112,86.89767547640147,89.38027191269573,88.01413940139915
Travis Sanheim,23-24,D,PHI,89,87,88.37334361521907,86.39553232934436,89.47376613726587,87.50214929136496
Zach Werenski,23-24,D,CBJ,88,87,87.30256472835822,86.36481867624946,88.96441558378054,88.03602433417994
Adam Wilsby,24-25,D,NSH,87,87,86.79724859613893,86.36486153417086,87.13288077986775,86.70891730644227
Brett Kulak,24-25,D,EDM,88,87,87.41061579120807,86.48687353090303,88.62475678119296,87.7078490988173
Brock Faber,24-25,D,MIN,87,87,86.56438202605892,86.22903308371954,87.30532202785555,86.98441555111567
Darnell Nurse,24-25,D,EDM,88,87,87.67844409507255,86.74115791951517,88.9402868939001,88.01010381675908
Gustav Forsling,24-25,D,FLA,87,87,86.88963063163189,85.99938779588273,88.05566278579187,87.17198371627043
Jackson Lacombe,24-25,D,ANA,89,87,87.97310480100911,86.3959302460862,89.08742458205725,87.53197044318098
Jeremy Lauzon,24-25,D,NSH,87,87,86.28413553023876,86.0606904690025,87.3216072877037,87.10400230734307
Justin Barron,24-25,D,MTL/NSH,87,87,86.61666108151604,86.51526381198221,88.36910699518988,88.277574501051
Kaiden Guhle,24-25,D,MTL,87,87,85.3300180286679,85.77218552528792,87.78696973701534,88.24296777560534
Noah Dobson,24-25,D,NYI,88,87,87.13697494280937,86.22240496418583,88.01195622305275,87.10231164254681
Noah Hanifin,24-25,D,VGK,89,87,88.12767137267701,86.79818332793386,89.17625604655409,87.85267063892498
Samuel Girard,24-25,D,COL,87,87,86.46240152342779,85.89949639221702,88.10216837526887,87.5484937324671
Thomas Chabot,24-25,D,OTT,89,87,88.27610786769112,86.15058591878285,89.4398139465715,87.32084267007163
Adam Wilsby,25-26,D,NSH,89,87,88.15548958303987,87.03874705779253,89.04134924572038,87.94187397244113
Charlie McAvoy,25-26,D,BOS,90,87,88.97653375015118,85.853998232024,90.6457104843257,87.53257100715402
Jakob Chychrun,25-26,D,WSH,88,87,87.68819576226267,86.69560539926299,89.11832407199992,88.13378411127027
K'Andre Miller,25-26,D,CAR,86,87,85.51969560309682,85.778698121561,86.98982748222161,87.25710558892244
Mattias Samuelsson,25-26,D,BUF,87,87,86.70782713889628,85.90280405579335,88.26123076789509,87.46495202193731
Mike Matheson,25-26,D,MTL,87,87,85.90214194800502,86.59923098413087,87.11223761020848,87.81613845251957
Niko Mikkola,25-26,D,FLA,89,87,88.49531589462212,85.76129058893548,89.96577914658899,87.24003129448538
Noah Hanifin,25-26,D,VGK,89,87,87.97541201974441,86.91543339959897,89.07248735249888,88.01868433050717
Sean Walker,25-26,D,CAR,88,87,87.80556680392323,86.83224277320498,89.09380944526069,88.12773712154913
Spencer Stastney,25-26,D,EDM/NSH,87,87,85.8018123773022,85.93035812379941,88.25774998673297,88.40012056668841
Thomas Chabot,25-26,D,OTT,90,87,89.02500344355632,86.41727947177772,90.13988942599956,87.53844131113728
Alex Kerfoot,21-22,F,TOR,86,86,86.0,86.0,87.0,87.0
Alex Newhook,21-22,F,COL,86,86,86.0,86.0,86.0,86.0
Alex Tuch,21-22,F,BUF,87,86,87.0,86.0,87.0,87.0
Andre Burakovsky,21-22,F,COL,86,86,86.0,85.0,87.0,86.0
Andrei Svechnikov,21-22,F,CAR,86,86,86.0,86.0,86.0,86.0
Anthony Cirelli,21-22,F,T.B,86,86,86.0,86.0,86.0,86.0
Anthony Duclair,21-22,F,FLA,84,86,84.0,86.0,84.0,86.0
Anthony Mantha,21-22,F,WSH,85,86,85.0,86.0,85.0,86.0
Axel Jonsson-Fjallby,21-22,F,WSH,85,86,85.0,86.0,85.0,86.0
Blake Wheeler,21-22,F,WPG,87,86,87.0,87.0,87.0,87.0
Bo Horvat,21-22,F,VAN,87,86,87.0,86.0,87.0,86.0
Brandon Duhaime,21-22,F,MIN,84,86,84.0,86.0,84.0,86.0
Brandon Hagel,21-22,F,CHI/T.B,86,86,86.0,86.0,86.0,86.0
Brandon Tanev,21-22,F,SEA,86,86,86.0,87.0,86.0,87.0
Brock McGinn,21-22,F,PIT,84,86,85.0,86.0,85.0,86.0
Bryan Rust,21-22,F,PIT,86,86,85.0,85.0,86.0,86.0
Connor Brown,21-22,F,OTT,88,86,88.0,86.0,88.0,86.0
Connor McMichael,21-22,F,WSH,84,86,84.0,85.0,84.0,86.0
Dawson Mercer,21-22,F,N.J,86,86,86.0,85.0,86.0,85.0
Dillon Dube,21-22,F,CGY,87,86,87.0,86.0,87.0,87.0
Dylan Cozens,21-22,F,BUF,86,86,87.0,85.0,87.0,86.0
Filip Chytil,21-22,F,NYR,88,86,88.0,87.0,88.0,87.0
Frank Vatrano,21-22,F,FLA/NYR,86,86,86.0,85.0,86.0,86.0
Gabriel Landeskog,21-22,F,COL,87,86,87.0,86.0,87.0,86.0
Jack Hughes,21-22,F,N.J,88,86,88.0,85.0,88.0,86.0
Jack Roslovic,21-22,F,CBJ,86,86,86.0,86.0,87.0,87.0
Jake Debrusk,21-22,F,BOS,85,86,85.0,85.0,85.0,86.0
Jake Guentzel,21-22,F,PIT,88,86,88.0,86.0,89.0,87.0
Jake Leschyshyn,21-22,F,VGK,86,86,85.0,85.0,85.0,85.0
Jakub Voracek,21-22,F,CBJ,86,86,86.0,86.0,86.0,86.0
Jakub Vrana,21-22,F,DET,85,86,85.0,86.0,85.0,86.0
Jeff Carter,21-22,F,PIT,87,86,87.0,86.0,87.0,86.0
Jesper Boqvist,21-22,F,N.J,86,86,86.0,86.0,86.0,86.0
Jesper Bratt,21-22,F,N.J,87,86,87.0,87.0,87.0,87.0
Jesse Puljujarvi,21-22,F,EDM,86,86,86.0,85.0,86.0,85.0
Jonny Brodzinski,21-22,F,NYR,86,86,85.0,85.0,85.0,85.0
Jordan Kyrou,21-22,F,STL,87,86,87.0,86.0,87.0,86.0
Jordan Martinook,21-22,F,CAR,84,86,84.0,86.0,85.0,86.0
Josh Norris,21-22,F,OTT,89,86,89.0,86.0,89.0,87.0
Karson Kuhlman,21-22,F,BOS/SEA,86,86,85.0,86.0,85.0,86.0
Kyle Connor,21-22,F,WPG,86,86,86.0,85.0,86.0,85.0
Mathieu Joseph,21-22,F,OTT/T.B,86,86,85.0,86.0,85.0,86.0
Matt Nieto,21-22,F,S.J,86,86,86.0,85.0,86.0,85.0
Michael Carcone,21-22,F,ARI,85,86,84.0,86.0,85.0,86.0
Mitchell Stephens,21-22,F,DET,84,86,84.0,86.0,84.0,86.0
Nick Suzuki,21-22,F,MTL,88,86,88.0,86.0,88.0,86.0
Nico Hischier,21-22,F,N.J,86,86,86.0,85.0,86.0,86.0
Nicolas Aube-Kubel,21-22,F,COL/PHI,86,86,85.0,86.0,86.0,86.0
Ondrej Kase,21-22,F,TOR,86,86,86.0,85.0,86.0,86.0
Paul Byron,21-22,F,MTL,88,86,87.0,86.0,88.0,86.0
Pierre-Luc Dubois,21-22,F,WPG,86,86,86.0,86.0,86.0,86.0
Quinton Byfield,21-22,F,L.A,86,86,85.0,86.0,86.0,86.0
Rem Pitlick,21-22,F,MIN/MTL,88,86,87.0,86.0,87.0,86.0
Robert Thomas,21-22,F,STL,86,86,87.0,85.0,87.0,86.0
Rudolfs Balcers,21-22,F,S.J,88,86,88.0,86.0,88.0,86.0
Ryan Lomberg,21-22,F,FLA,84,86,84.0,86.0,84.0,86.0
Ryan Poehling,21-22,F,MTL,87,86,87.0,86.0,87.0,86.0
Sebastian Aho,21-22,F,CAR,88,86,87.0,86.0,87.0,86.0
Sidney Crosby,21-22,F,PIT,86,86,86.0,85.0,87.0,86.0
Tanner Jeannot,21-22,F,NSH,86,86,86.0,85.0,86.0,86.0
Taylor Hall,21-22,F,BOS,87,86,87.0,86.0,87.0,86.0
Tim Stützle,21-22,F,OTT,88,86,87.0,86.0,88.0,87.0
Timo Meier,21-22,F,S.J,86,86,86.0,85.0,86.0,85.0
Tom Wilson,21-22,F,WSH,88,86,88.0,86.0,88.0,87.0
Vinnie Hinostroza,21-22,F,BUF,86,86,87.0,86.0,87.0,86.0
William Carrier,21-22,F,VGK,85,86,85.0,86.0,85.0,86.0
Zack MacEwen,21-22,F,PHI,86,86,85.0,86.0,85.0,86.0
Alex Kerfoot,22-23,F,TOR,87,86,87.0,86.0,87.0,87.0
Alexei Toropchenko,22-23,F,STL,85,86,85.0,86.0,86.0,87.0
Andrei Svechnikov,22-23,F,CAR,86,86,86.0,86.0,86.0,86.0
Anthony Duclair,22-23,F,FLA,84,86,84.0,85.0,85.0,86.0
Anthony Mantha,22-23,F,WSH,84,86,84.0,85.0,84.0,86.0
Auston Matthews,22-23,F,TOR,86,86,86.0,85.0,86.0,85.0
Axel Jonsson-Fjallby,22-23,F,WPG,85,86,84.0,86.0,85.0,86.0
Ben Meyers,22-23,F,COL,86,86,85.0,86.0,85.0,86.0
Bo Horvat,22-23,F,NYI/VAN,88,86,87.0,86.0,88.0,87.0
Brandon Hagel,22-23,F,T.B,86,86,85.0,85.0,85.0,85.0
Brandon Tanev,22-23,F,SEA,86,86,86.0,86.0,86.0,86.0
Brendan Lemieux,22-23,F,L.A/PHI,84,86,84.0,86.0,85.0,87.0
Brock McGinn,22-23,F,ANA/PIT,84,86,85.0,85.0,85.0,86.0
Carter Verhaeghe,22-23,F,FLA,88,86,87.0,86.0,88.0,86.0
Casey Cizikas,22-23,F,NYI,87,86,87.0,86.0,87.0,86.0
Drew O'Connor,22-23,F,PIT,86,86,85.0,85.0,85.0,86.0
Dylan Cozens,22-23,F,BUF,86,86,86.0,86.0,86.0,87.0
Evgeny Kuznetsov,22-23,F,WSH,87,86,87.0,85.0,87.0,86.0
Ilya Mikheyev,22-23,F,VAN,86,86,86.0,86.0,86.0,87.0
Jack Hughes,22-23,F,N.J,88,86,88.0,85.0,89.0,86.0
Jack Roslovic,22-23,F,CBJ,86,86,86.0,86.0,87.0,86.0
Jack Studnicka,22-23,F,BOS/VAN,84,86,84.0,85.0,84.0,86.0
Jake Guentzel,22-23,F,PIT,88,86,88.0,86.0,88.0,86.0
Jake Leschyshyn,22-23,F,NYR/VGK,85,86,85.0,85.0,85.0,86.0
Jakub Vrana,22-23,F,DET/STL,86,86,85.0,86.0,86.0,86.0
Jj Peterka,22-23,F,BUF,86,86,86.0,86.0,86.0,86.0
Jordan Kyrou,22-23,F,STL,87,86,87.0,86.0,87.0,86.0
Jordan Martinook,22-23,F,CAR,85,86,85.0,85.0,85.0,86.0
Kasperi Kapanen,22-23,F,PIT/STL,86,86,85.0,87.0,86.0,87.0
Kyle Connor,22-23,F,WPG,86,86,86.0,85.0,86.0,86.0
Liam Foudy,22-23,F,CBJ,85,86,85.0,87.0,85.0,87.0
Luke Glendening,22-23,F,DAL,86,86,86.0,85.0,86.0,86.0
Marcus Johansson,22-23,F,MIN/WSH,86,86,86.0,85.0,87.0,86.0
Mark Kastelic,22-23,F,OTT,86,86,86.0,86.0,86.0,86.0
Martin Kaut,22-23,F,COL/S.J,85,86,85.0,86.0,85.0,86.0
Mason Appleton,22-23,F,WPG,86,86,86.0,86.0,86.0,86.0
Max Jones,22-23,F,ANA,86,86,85.0,86.0,86.0,86.0
Michael McLeod,22-23,F,N.J,87,86,87.0,87.0,87.0,87.0
Mika Zibanejad,22-23,F,NYR,89,86,88.0,86.0,89.0,87.0
Morgan Frost,22-23,F,PHI,86,86,86.0,85.0,87.0,86.0
Nick Suzuki,22-23,F,MTL,86,86,86.0,85.0,86.0,85.0
Nico Sturm,22-23,F,S.J,88,86,87.0,86.0,87.0,86.0
Owen Tippett,22-23,F,PHI,86,86,86.0,86.0,87.0,86.0
Paul Cotter,22-23,F,VGK,85,86,85.0,85.0,85.0,86.0
Quinton Byfield,22-23,F,L.A,86,86,85.0,85.0,85.0,86.0
Rem Pitlick,22-23,F,MTL,87,86,86.0,86.0,87.0,87.0
Ryan Lomberg,22-23,F,FLA,84,86,84.0,86.0,84.0,86.0
Sebastian Aho,22-23,F,CAR,88,86,87.0,86.0,87.0,86.0
Seth Jarvis,22-23,F,CAR,86,86,86.0,85.0,86.0,86.0
Sonny Milano,22-23,F,WSH,86,86,85.0,86.0,86.0,86.0
Taylor Hall,22-23,F,BOS,87,86,87.0,86.0,87.0,86.0
Tim Stützle,22-23,F,OTT,88,86,88.0,86.0,88.0,86.0
Timo Meier,22-23,F,N.J/S.J,86,86,87.0,86.0,87.0,86.0
Travis Konecny,22-23,F,PHI,86,86,85.0,85.0,86.0,86.0
Valeri Nichushkin,22-23,F,COL,87,86,86.0,85.0,88.0,87.0
Vincent Trocheck,22-23,F,NYR,86,86,86.0,85.0,87.0,86.0
Vinnie Hinostroza,22-23,F,BUF,86,86,85.0,86.0,86.0,86.0
William Carrier,22-23,F,VGK,85,86,85.0,86.0,85.0,86.0
William Karlsson,22-23,F,VGK,86,86,86.0,85.0,87.0,86.0
Zach Hyman,22-23,F,EDM,86,86,85.0,86.0,86.0,86.0
Zack MacEwen,22-23,F,L.A/PHI,85,86,85.0,86.0,85.0,86.0
Alex Laferriere,23-24,F,L.A,86,86,85.0,86.0,86.0,86.0
Alex Newhook,23-24,F,MTL,86,86,86.0,86.0,86.0,86.0
Anthony Cirelli,23-24,F,T.B,86,86,85.0,86.0,86.0,87.0
Anthony Duclair,23-24,F,S.J/T.B,85,86,84.0,86.0,85.0,87.0
Anthony Mantha,23-24,F,VGK/WSH,84,86,84.0,85.0,84.0,86.0
Axel Jonsson-Fjallby,23-24,F,WPG,84,86,84.0,85.0,84.0,86.0
Brandon Hagel,23-24,F,T.B,86,86,85.0,85.0,86.0,86.0
Brandon Tanev,23-24,F,SEA,86,86,85.0,85.0,86.0,86.0
Carter Verhaeghe,23-24,F,FLA,87,86,87.0,85.0,87.0,86.0
Casey Cizikas,23-24,F,NYI,86,86,86.0,85.0,87.0,86.0
Chris Kreider,23-24,F,NYR,86,86,86.0,86.0,86.0,87.0
Connor McMichael,23-24,F,WSH,86,86,85.0,85.0,86.0,86.0
Drake Batherson,23-24,F,OTT,86,86,86.0,85.0,87.0,86.0
Dylan Cozens,23-24,F,BUF,86,86,85.0,85.0,86.0,86.0
Dylan Holloway,23-24,F,EDM,86,86,86.0,86.0,86.0,86.0
Dylan Larkin,23-24,F,DET,88,86,88.0,86.0,88.0,86.0
Frank Vatrano,23-24,F,ANA,86,86,85.0,85.0,85.0,86.0
Jack Roslovic,23-24,F,CBJ/NYR,87,86,87.0,86.0,88.0,87.0
Jj Peterka,23-24,F,BUF,86,86,86.0,85.0,87.0,86.0
John Beecher,23-24,F,BOS,84,86,83.0,85.0,84.0,85.0
Jordan Kyrou,23-24,F,STL,88,86,87.0,86.0,88.0,87.0
Kyle Connor,23-24,F,WPG,86,86,86.0,85.0,87.0,86.0
Kyle MacLean,23-24,F,NYI,85,86,85.0,86.0,85.0,86.0
Leon Draisaitl,23-24,F,EDM,87,86,87.0,86.0,88.0,87.0
Logan Cooley,23-24,F,ARI,86,86,86.0,86.0,87.0,86.0
Lukas Reichel,23-24,F,CHI,87,86,87.0,86.0,87.0,86.0
Marcus Johansson,23-24,F,MIN,86,86,86.0,85.0,87.0,86.0
Mathieu Joseph,23-24,F,OTT,86,86,85.0,85.0,85.0,86.0
Mika Zibanejad,23-24,F,NYR,88,86,88.0,86.0,88.0,86.0
Morgan Barron,23-24,F,WPG,85,86,84.0,85.0,85.0,86.0
Morgan Frost,23-24,F,PHI,86,86,86.0,85.0,87.0,85.0
Nick Suzuki,23-24,F,MTL,88,86,87.0,86.0,88.0,86.0
Nico Hischier,23-24,F,N.J,85,86,85.0,85.0,85.0,86.0
Philipp Kurashev,23-24,F,CHI,87,86,86.0,85.0,87.0,86.0
Radim Zohorna,23-24,F,PIT,85,86,85.0,86.0,85.0,86.0
Sebastian Aho,23-24,F,CAR,86,86,87.0,86.0,87.0,86.0
Seth Jarvis,23-24,F,CAR,86,86,86.0,85.0,87.0,86.0
Sidney Crosby,23-24,F,PIT,86,86,86.0,86.0,87.0,86.0
Sonny Milano,23-24,F,WSH,86,86,86.0,86.0,86.0,87.0
Tom Wilson,23-24,F,WSH,86,86,86.0,86.0,87.0,86.0
Trevor Moore,23-24,F,L.A,86,86,85.0,85.0,86.0,86.0
Tyler Motte,23-24,F,T.B,84,86,83.0,85.0,84.0,86.0
Vincent Trocheck,23-24,F,NYR,87,86,87.0,85.0,87.0,86.0
Walker Duehr,23-24,F,CGY,84,86,84.0,85.0,84.0,85.0
William Carrier,23-24,F,VGK,84,86,84.0,86.0,85.0,86.0
William Karlsson,23-24,F,VGK,86,86,86.0,86.0,87.0,86.0
Hendrix Lapierre,23-24,F,WSH,87,86,87.0,86.0,87.0,87.0
Alex Laferriere,24-25,F,L.A,86,86,86.0,85.0,86.0,85.0
Brandon Duhaime,24-25,F,WSH,85,86,84.0,86.0,85.0,86.0
Brandon Tanev,24-25,F,SEA/WPG,86,86,85.0,85.0,86.0,86.0
Brett Howden,24-25,F,VGK,86,86,85.0,85.0,86.0,85.0
Brock McGinn,24-25,F,ANA,84,86,84.0,85.0,85.0,86.0
Brock Nelson,24-25,F,COL/NYI,88,86,87.0,85.0,88.0,86.0
Carter Verhaeghe,24-25,F,FLA,88,86,88.0,86.0,89.0,87.0
Casey Cizikas,24-25,F,NYI,86,86,86.0,85.0,87.0,86.0
Chandler Stephenson,24-25,F,SEA,86,86,86.0,85.0,87.0,86.0
Chris Kreider,24-25,F,NYR,86,86,85.0,86.0,86.0,87.0
Christian Dvorak,24-25,F,MTL,86,86,86.0,85.0,87.0,86.0
Collin Graf,24-25,F,S.J,86,86,86.0,85.0,86.0,86.0
Connor McMichael,24-25,F,WSH,86,86,85.0,85.0,86.0,86.0
Drew O'Connor,24-25,F,PIT/VAN,87,86,86.0,86.0,87.0,86.0
Dylan Guenther,24-25,F,UTA,86,86,86.0,85.0,87.0,86.0
Dylan Holloway,24-25,F,STL,88,86,87.0,86.0,87.0,86.0
Dylan Larkin,24-25,F,DET,88,86,88.0,86.0,89.0,87.0
Eric Robinson,24-25,F,CAR,84,86,84.0,85.0,85.0,86.0
Frank Vatrano,24-25,F,ANA,86,86,85.0,86.0,86.0,87.0
Hendrix Lapierre,24-25,F,WSH,86,86,85.0,86.0,86.0,87.0
Ilya Mikheyev,24-25,F,CHI,86,86,86.0,86.0,86.0,87.0
Ivan Ivan,24-25,F,COL,86,86,85.0,85.0,85.0,86.0
J.T. Miller,24-25,F,NYR/VAN,86,86,86.0,85.0,87.0,86.0
Jack Hughes,24-25,F,N.J,89,86,89.0,86.0,90.0,87.0
Jansen Harkins,24-25,F,ANA,85,86,85.0,85.0,85.0,86.0
Jesper Boqvist,24-25,F,FLA,86,86,86.0,85.0,86.0,86.0
Jesper Bratt,24-25,F,N.J,86,86,87.0,86.0,87.0,87.0
Jesse Puljujarvi,24-25,F,FLA/PIT,86,86,86.0,86.0,87.0,86.0
Jiri Kulich,24-25,F,BUF,87,86,87.0,85.0,87.0,86.0
John Beecher,24-25,F,BOS,86,86,85.0,86.0,86.0,86.0
Jordan Kyrou,24-25,F,STL,86,86,86.0,85.0,86.0,86.0
Justin Danforth,24-25,F,CBJ,87,86,87.0,86.0,88.0,87.0
Kasperi Kapanen,24-25,F,EDM/STL,84,86,84.0,85.0,85.0,86.0
Kirby Dach,24-25,F,MTL,86,86,86.0,85.0,87.0,86.0
Kyle Connor,24-25,F,WPG,86,86,87.0,85.0,87.0,86.0
Leo Carlsson,24-25,F,ANA,88,86,87.0,85.0,88.0,86.0
Logan O'Connor,24-25,F,COL,86,86,86.0,86.0,86.0,87.0
Lukas Reichel,24-25,F,CHI,88,86,87.0,86.0,88.0,87.0
Luke Glendening,24-25,F,T.B,85,86,85.0,85.0,85.0,86.0
Mackie Samoskevich,24-25,F,FLA,86,86,86.0,86.0,86.0,87.0
Macklin Celebrini,24-25,F,S.J,88,86,88.0,86.0,89.0,86.0
Marc Gatcomb,24-25,F,NYI,84,86,84.0,85.0,84.0,85.0
Marcus Johansson,24-25,F,MIN,87,86,87.0,86.0,87.0,87.0
Martin Pospisil,24-25,F,CGY,86,86,85.0,86.0,86.0,86.0
Matt Rempe,24-25,F,NYR,86,86,86.0,85.0,86.0,86.0
Mattias Janmark,24-25,F,EDM,84,86,84.0,85.0,85.0,86.0
Michael Eyssimont,24-25,F,SEA/T.B,84,86,84.0,85.0,85.0,86.0
Morgan Barron,24-25,F,WPG,86,86,85.0,86.0,86.0,87.0
Morgan Frost,24-25,F,CGY/PHI,86,86,86.0,85.0,86.0,85.0
Nico Hischier,24-25,F,N.J,86,86,85.0,85.0,85.0,86.0
Nicolas Aube-Kubel,24-25,F,BUF/NYR,85,86,85.0,85.0,85.0,86.0
Nikita Nesterenko,24-25,F,ANA,84,86,84.0,86.0,85.0,86.0
Nikolaj Ehlers,24-25,F,WPG,86,86,85.0,86.0,86.0,87.0
Noah Gregor,24-25,F,OTT/S.J,85,86,85.0,85.0,85.0,86.0
Paul Cotter,24-25,F,N.J,86,86,86.0,85.0,86.0,86.0
Pierre Engvall,24-25,F,NYI,87,86,87.0,86.0,88.0,87.0
Sam Lafferty,24-25,F,BUF,85,86,85.0,85.0,85.0,86.0
Seth Jarvis,24-25,F,CAR,87,86,87.0,86.0,88.0,87.0
Shane Wright,24-25,F,SEA,88,86,88.0,86.0,88.0,86.0
Taylor Hall,24-25,F,CAR/CHI,86,86,86.0,85.0,86.0,86.0
Tom Wilson,24-25,F,WSH,86,86,86.0,85.0,87.0,86.0
Tyson Kozak,24-25,F,BUF,86,86,86.0,85.0,86.0,86.0
Vasily Podkolzin,24-25,F,EDM,87,86,86.0,85.0,87.0,86.0
William Carrier,24-25,F,CAR,84,86,84.0,85.0,85.0,86.0
Zach Hyman,24-25,F,EDM,86,86,85.0,86.0,86.0,86.0
Alex Laferriere,25-26,F,L.A,86,86,86.0,85.0,87.0,86.0
Alex Newhook,25-26,F,MTL,86,86,85.0,86.0,86.0,87.0
Alexei Toropchenko,25-26,F,STL,86,86,86.0,86.0,86.0,87.0
Aliaksei Protas,25-26,F,WSH,86,86,85.0,86.0,86.0,87.0
Anthony Beauvillier,25-26,F,WSH,86,86,86.0,85.0,87.0,86.0
Beckett Sennecke,25-26,F,ANA,88,86,87.0,86.0,88.0,86.0
Brandon Hagel,25-26,F,T.B,86,86,86.0,86.0,87.0,87.0
Brett Howden,25-26,F,VGK,87,86,87.0,86.0,87.0,87.0
Brock Nelson,25-26,F,COL,87,86,87.0,85.0,87.0,85.0
Carl Grundstrom,25-26,F,PHI,86,86,86.0,86.0,86.0,86.0
Carter Verhaeghe,25-26,F,FLA,88,86,87.0,85.0,88.0,86.0
Chandler Stephenson,25-26,F,SEA,86,86,86.0,85.0,87.0,86.0
Cole Koepke,25-26,F,WPG,86,86,85.0,86.0,86.0,87.0
Cole Reinhardt,25-26,F,VGK,86,86,86.0,86.0,86.0,86.0
Cole Smith,25-26,F,NSH/VGK,85,86,85.0,85.0,85.0,86.0
Connor Bedard,25-26,F,CHI,88,86,88.0,86.0,89.0,87.0
Connor McMichael,25-26,F,WSH,86,86,86.0,85.0,87.0,86.0
Drew O'Connor,25-26,F,VAN,86,86,85.0,86.0,86.0,87.0
Dylan Cozens,25-26,F,OTT,86,86,86.0,86.0,87.0,87.0
Dylan Guenther,25-26,F,UTA,88,86,87.0,86.0,88.0,87.0
Dylan Larkin,25-26,F,DET,88,86,88.0,86.0,89.0,87.0
Gavin Brindley,25-26,F,COL,86,86,87.0,87.0,87.0,87.0
Igor Chernyshov,25-26,F,S.J,89,86,89.0,86.0,89.0,87.0
Ilya Mikheyev,25-26,F,CHI,86,86,86.0,86.0,86.0,86.0
Isac Lundestrom,25-26,F,CBJ,84,86,84.0,85.0,85.0,86.0
Ivan Demidov,25-26,F,MTL,86,86,86.0,85.0,86.0,85.0
Jack Hughes,25-26,F,N.J,88,86,88.0,86.0,89.0,87.0
Jack Quinn,25-26,F,BUF,87,86,86.0,85.0,87.0,86.0
Jacob Melanson,25-26,F,SEA,86,86,85.0,86.0,85.0,86.0
Jake Debrusk,25-26,F,VAN,86,86,86.0,85.0,86.0,86.0
Jansen Harkins,25-26,F,ANA,86,86,85.0,85.0,86.0,85.0
Jesper Boqvist,25-26,F,FLA,86,86,85.0,85.0,86.0,86.0
Jesper Bratt,25-26,F,N.J,86,86,86.0,85.0,87.0,86.0
Jj Peterka,25-26,F,UTA,88,86,87.0,86.0,88.0,86.0
Joe Veleno,25-26,F,MTL,86,86,85.0,85.0,86.0,86.0
Jordan Kyrou,25-26,F,STL,86,86,85.0,85.0,86.0,86.0
Kasperi Kapanen,25-26,F,EDM,84,86,84.0,86.0,85.0,86.0
Kyle MacLean,25-26,F,NYI,84,86,84.0,85.0,84.0,86.0
Leo Carlsson,25-26,F,ANA,88,86,88.0,86.0,89.0,87.0
Mackie Samoskevich,25-26,F,FLA,87,86,87.0,86.0,87.0,87.0
Macklin Celebrini,25-26,F,S.J,89,86,89.0,86.0,89.0,86.0
Marc Gatcomb,25-26,F,NYI,85,86,85.0,85.0,85.0,86.0
Mark Kastelic,25-26,F,BOS,86,86,86.0,85.0,87.0,86.0
Mathieu Joseph,25-26,F,STL,84,86,85.0,85.0,85.0,86.0
Mattias Janmark,25-26,F,EDM,84,86,83.0,85.0,84.0,86.0
Nick Schmaltz,25-26,F,UTA,88,86,87.0,86.0,88.0,86.0
Nick Suzuki,25-26,F,MTL,88,86,88.0,86.0,88.0,87.0
Nikita Nesterenko,25-26,F,ANA,85,86,85.0,86.0,85.0,86.0
Nikolaj Ehlers,25-26,F,CAR,86,86,86.0,87.0,87.0,87.0
Paul Cotter,25-26,F,N.J,86,86,86.0,86.0,86.0,87.0
Peyton Krebs,25-26,F,BUF,86,86,86.0,85.0,86.0,86.0
Ryan Leonard,25-26,F,WSH,84,86,84.0,85.0,84.0,85.0
Ryan Winterton,25-26,F,SEA,86,86,85.0,85.0,86.0,85.0
Sidney Crosby,25-26,F,PIT,86,86,86.0,86.0,86.0,86.0
Sonny Milano,25-26,F,WSH,84,86,84.0,85.0,85.0,86.0
Tage Thompson,25-26,F,BUF,87,86,87.0,85.0,87.0,86.0
Taylor Hall,25-26,F,CAR,86,86,86.0,85.0,86.0,86.0
Tom Wilson,25-26,F,WSH,87,86,87.0,86.0,87.0,86.0
Valeri Nichushkin,25-26,F,COL,88,86,87.0,86.0,88.0,87.0
Vasily Podkolzin,25-26,F,EDM,88,86,87.0,86.0,88.0,86.0
Vincent Trocheck,25-26,F,NYR,86,86,86.0,86.0,87.0,86.0
William Karlsson,25-26,F,VGK,86,86,86.0,85.0,87.0,86.0
Yakov Trenin,25-26,F,MIN,86,86,86.0,86.0,86.0,86.0
Zach Hyman,25-26,F,EDM,86,86,85.0,86.0,86.0,86.0
Brandon Montour,21-22,D,FLA,87,86,86.63709377780901,85.70631556144748,87.06164864152163,86.14152576651009
Haydn Fleury,21-22,D,SEA,86,86,85.35259911477446,85.94771135394475,85.78373538179332,86.38966814025594
Jake Walman,21-22,D,DET/STL,85,86,84.96262760153225,85.86134676000727,85.34563174000442,86.25396341309815
Jakob Chychrun,21-22,D,ARI,86,86,85.81384412765702,85.64963199043346,86.19060672830099,86.03585045758824
Jalen Chatfield,21-22,D,CAR,87,86,86.30532123392695,86.12312203699017,86.94017411727108,86.77390825370827
Jared Spurgeon,21-22,D,MIN,87,86,86.91035854352938,85.92967192323235,87.28671911108997,86.31547826720679
John Marino,21-22,D,PIT,85,86,84.466839017255,85.43885322500303,84.78768518721256,85.7677518888876
K'Andre Miller,21-22,D,NYR,86,86,85.42614257479693,85.76592976078079,85.875078473219,86.22613290791632
Mario Ferraro,21-22,D,S.J,86,86,85.75777587970263,86.013840257905,86.12923150149011,86.3946185533557
Rasmus Andersson,21-22,D,CGY,86,86,85.96205127425554,86.2790084676131,86.29769998151565,86.62308117811808
Samuel Girard,21-22,D,COL,87,86,86.75455781143616,86.31775093607953,87.09894744446473,86.67078394929513
Timothy Liljegren,21-22,D,TOR,87,86,86.76381458094693,86.06626527436603,87.41566816429014,86.73447886918105
Vladislav Gavrikov,21-22,D,CBJ,84,86,84.02909378192676,85.6535553363887,84.50497966563753,86.14138485087135
William Borgen,21-22,D,SEA,86,86,85.77394117315907,86.20191631861849,86.22036712814952,86.65954652856982
Hampus Lindholm,22-23,D,BOS,86,86,85.81540988159661,85.2506107875499,86.3150978754108,85.76003874228351
Haydn Fleury,22-23,D,T.B,85,86,84.40264027283946,85.27514582293426,85.05645781621925,85.94170763353638
Jalen Chatfield,22-23,D,CAR,85,86,85.05159570403464,85.54029403882441,85.87672353608279,86.38150533282716
Nick Leddy,22-23,D,STL,84,86,83.92449824241257,85.24938975504313,84.84870406552649,86.19161027674913
Nikita Zadorov,22-23,D,CGY,85,86,84.72158179392339,85.23079218344705,85.66080483707931,86.18832264212669
Nils Lundkvist,22-23,D,DAL,85,86,85.02665903110238,85.2859749711523,85.63738215194786,85.90860235906696
Noah Hanifin,22-23,D,CGY,87,86,87.03973922585976,86.09145661983214,87.8379340726062,86.90520994849058
Pierre-Olivier Joseph,22-23,D,PIT,85,86,84.9926481160453,85.89799678097995,85.40822537919058,86.32400406854514
Rasmus Andersson,22-23,D,CGY,86,86,85.63364179483787,85.53707533761701,86.1725680648527,86.08650640437179
Samuel Girard,22-23,D,COL,87,86,86.55910749747159,85.66585180958315,87.10559046811105,86.2229868728145
Shea Theodore,22-23,D,VGK,87,86,86.48458585834095,85.61655173783191,87.13414590477305,86.27877306399334
Thomas Chabot,22-23,D,OTT,88,86,88.05793361325402,85.50612004973861,88.73069063727564,86.19199051095177
Travis Sanheim,22-23,D,PHI,87,86,86.6552372718132,85.58570241896831,87.19002558914377,86.13091487571278
Victor Hedman,22-23,D,T.B,87,86,86.7669421611937,85.7528162559412,87.42565221527248,86.42436594247742
Zach Werenski,22-23,D,CBJ,86,86,86.05322557687344,85.3957633140857,86.82798949459392,86.18562899605467
Brady Skjei,23-24,D,CAR,86,86,85.5705160010655,85.42348111688645,86.05833566513448,85.91404678948085
Declan Chisholm,23-24,D,MIN/WPG,86,86,86.07466602956057,86.31687212387847,86.39729751158322,86.64760090701586
Jacob MacDonald,23-24,D,S.J,86,86,85.56440505427999,85.9554379221156,86.28377000839288,86.68882479916162
Jakob Chychrun,23-24,D,OTT,86,86,85.22491443939694,85.40244257134559,86.36085659451874,86.54477911167183
Justin Barron,23-24,D,MTL,86,86,85.484912757632,85.9748120953517,86.20706865468972,86.71104431664004
Michael Kesselring,23-24,D,ARI,86,86,85.76026198300175,85.8532408017808,86.19790140613634,86.30186395832723
Nick Jensen,23-24,D,WSH,86,86,85.76929306931869,84.87778279001884,87.02160355454427,86.13714271486772
Niko Mikkola,23-24,D,FLA,86,86,85.88584924935084,85.140511874592,86.73159773228359,85.99102119993344
Nils Lundkvist,23-24,D,DAL,86,86,85.42890190699394,85.37856510139795,86.36710721415162,86.32205170400518
Noah Hanifin,23-24,D,CGY/VGK,87,86,86.90978201505563,85.74390220812163,88.06027072745684,86.90086719043435
Olen Zellweger,23-24,D,ANA,86,86,86.01754743940118,85.25826023972316,86.5863504057769,85.84133883991126
Seth Jones,23-24,D,CHI,88,86,87.08144585401675,84.88224091032585,88.57910519201663,86.3883307926708
Zach Bogosian,23-24,D,MIN/T.B,86,86,84.9150484278452,85.77909924241187,86.32043348172998,87.19239541514592
Alex Vlasic,24-25,D,CHI,86,86,85.1816700350266,85.51337191885492,86.49894022440756,86.83805721557319
Brady Skjei,24-25,D,NSH,87,86,86.65847302292173,85.8117006703506,87.53941652995069,86.6976031377473
Evan Bouchard,24-25,D,EDM,87,86,86.68944172702878,85.08283137404563,87.73864883188193,86.1379446197682
Haydn Fleury,24-25,D,WPG,85,86,84.39546584504622,84.87692324045096,85.80883372395763,86.298247174706
Jakob Chychrun,24-25,D,WSH,87,86,85.9497009781088,85.28393602733816,87.22866943823067,86.57010398873874
Jalen Chatfield,24-25,D,CAR,86,86,84.9967245124081,85.6722597770742,86.16072393260846,86.84281152094435
K'Andre Miller,24-25,D,NYR,86,86,85.03235646834806,85.28833979378206,86.5775550054957,86.8422364804079
Morgan Rielly,24-25,D,TOR,87,86,86.11636728749819,85.19133243960196,87.18027902112242,86.26123308861033
Nick Leddy,24-25,D,STL,84,86,83.00224787559974,84.85481565482891,84.84098441585277,86.70390271308571
Nikita Zadorov,24-25,D,BOS,85,86,84.36450354691078,85.39476549508107,85.46050565468137,86.49693715966436
Thomas Harley,24-25,D,DAL,88,86,87.53069444763351,85.42709289012485,89.30922720223474,87.2156372667795
Alex Vlasic,25-26,D,CHI,86,86,85.56875496602233,85.2672462842268,86.62104166307124,86.32545645762183
Denton Mateychuk,25-26,D,CBJ,87,86,86.24573170432214,86.03653412800323,86.97637661147651,86.7814208278958
Devon Toews,25-26,D,COL,87,86,85.82794866371293,85.03342717715441,87.5010021863164,86.71589856372472
Dmitri Simashev,25-26,D,UTA,85,86,84.92056923875828,85.50480232223674,85.57613996955,86.17682635627077
Gustav Forsling,25-26,D,FLA,87,86,86.42956390435012,85.72098663998923,87.59236653068692,86.89033485306742
Haydn Fleury,25-26,D,WPG,85,86,84.24899219239218,84.6092235747655,86.42568702072116,86.79817133793105
Ian Moore,25-26,D,ANA,87,86,86.50500575887158,85.48318219363301,86.97645601457974,85.9664647561488
Justin Faulk,25-26,D,DET/STL,87,86,86.50738364474532,85.35784568876771,87.42240009448591,86.27801290047418
Mikhail Sergachev,25-26,D,UTA,86,86,85.8875672686071,85.66461706268059,87.08799324571287,86.87180041389419
Morgan Rielly,25-26,D,TOR,87,86,86.84045908772353,85.31010047661552,87.89065331974724,86.36620640619245
Nikolas Matinpalo,25-26,D,OTT,85,86,84.8590330812126,85.7196772169164,85.62343802978901,86.49898201183275
Sean Durzi,25-26,D,UTA,86,86,85.93088265162902,85.21749094101997,86.82747638518413,86.11913173236617
Simon Benoit,25-26,D,TOR,84,86,82.87109876230355,85.11600860411563,84.25062881159667,86.5033042306404
Timothy Liljegren,25-26,D,S.J/WSH,87,86,86.47735414814264,85.18391092609961,87.35715340504642,86.06866270221914
Anton Blidh,21-22,F,BOS,84,85,84.0,85.0,84.0,85.0
Blake Lizotte,21-22,F,L.A,84,85,85.0,85.0,85.0,85.0
Colton Sceviour,21-22,F,EDM,84,85,85.0,85.0,85.0,85.0
Connor Dewar,21-22,F,MIN,84,85,84.0,85.0,84.0,85.0
Daniel Sprong,21-22,F,SEA/WSH,84,85,85.0,85.0,85.0,85.0
David Pastrnak,21-22,F,BOS,85,85,85.0,85.0,85.0,85.0
Emil Bemstrom,21-22,F,CBJ,84,85,84.0,85.0,84.0,85.0
Gerald Mayhew,21-22,F,ANA/PHI,86,85,86.0,85.0,87.0,85.0
J.T. Compher,21-22,F,COL,84,85,84.0,85.0,84.0,85.0
J.T. Miller,21-22,F,VAN,84,85,84.0,85.0,85.0,85.0
Jake Evans,21-22,F,MTL,86,85,86.0,85.0,87.0,85.0
Jared McCann,21-22,F,SEA,84,85,84.0,85.0,84.0,85.0
Jason Spezza,21-22,F,TOR,84,85,84.0,85.0,84.0,85.0
Keegan Kolesar,21-22,F,VGK,86,85,85.0,85.0,86.0,85.0
Kirby Dach,21-22,F,CHI,88,85,87.0,85.0,88.0,85.0
Lane Pederson,21-22,F,S.J,84,85,84.0,85.0,84.0,85.0
Mason Appleton,21-22,F,SEA/WPG,85,85,85.0,85.0,85.0,85.0
Mattias Janmark,21-22,F,VGK,84,85,84.0,85.0,84.0,85.0
Max Willman,21-22,F,PHI,85,85,85.0,85.0,85.0,85.0
Mikko Rantanen,21-22,F,COL,86,85,85.0,85.0,85.0,85.0
Nico Sturm,21-22,F,COL/MIN,85,85,85.0,85.0,85.0,85.0
Owen Tippett,21-22,F,FLA/PHI,84,85,84.0,85.0,85.0,85.0
Parker Kelly,21-22,F,OTT,84,85,85.0,85.0,85.0,85.0
Pavel Zacha,21-22,F,N.J,85,85,85.0,85.0,85.0,85.0
Ross Colton,21-22,F,T.B,85,85,85.0,85.0,85.0,85.0
Sean Kuraly,21-22,F,CBJ,85,85,85.0,85.0,85.0,85.0
Steven Lorentz,21-22,F,CAR,84,85,84.0,85.0,85.0,85.0
Teddy Blueger,21-22,F,PIT,84,85,84.0,85.0,85.0,85.0
Tyler Motte,21-22,F,NYR/VAN,84,85,84.0,85.0,85.0,85.0
Viktor Arvidsson,21-22,F,L.A,85,85,85.0,85.0,85.0,85.0
Vincent Trocheck,21-22,F,CAR,86,85,86.0,85.0,87.0,85.0
William Karlsson,21-22,F,VGK,86,85,86.0,85.0,86.0,85.0
Zemgus Girgensons,21-22,F,BUF,86,85,86.0,85.0,86.0,85.0
Warren Foegele,21-22,F,EDM,84,85,84.0,85.0,85.0,85.0
Anthony Cirelli,22-23,F,T.B,84,85,85.0,85.0,85.0,85.0
Blake Wheeler,22-23,F,WPG,86,85,85.0,85.0,86.0,85.0
Brandon Duhaime,22-23,F,MIN,84,85,83.0,85.0,84.0,85.0
Christian Dvorak,22-23,F,MTL,85,85,85.0,85.0,85.0,85.0
Conor Sheary,22-23,F,WSH,84,85,84.0,85.0,84.0,85.0
David Gustafsson,22-23,F,WPG,84,85,84.0,85.0,84.0,85.0
David Pastrnak,22-23,F,BOS,85,85,85.0,85.0,85.0,85.0
Dylan Gambrell,22-23,F,OTT,84,85,84.0,85.0,84.0,85.0
Dylan Holloway,22-23,F,EDM,85,85,85.0,85.0,85.0,85.0
Frank Vatrano,22-23,F,ANA,84,85,85.0,85.0,85.0,85.0
J.T. Compher,22-23,F,COL,84,85,84.0,85.0,85.0,85.0
J.T. Miller,22-23,F,VAN,84,85,85.0,85.0,85.0,85.0
Jaret Anderson-Dolan,22-23,F,L.A,84,85,85.0,85.0,85.0,85.0
Jayson Megna,22-23,F,ANA/COL,84,85,84.0,85.0,84.0,85.0
Jean-Gabriel Pageau,22-23,F,NYI,85,85,85.0,85.0,85.0,85.0
Jeff Carter,22-23,F,PIT,84,85,84.0,84.0,85.0,85.0
Jesper Boqvist,22-23,F,N.J,84,85,84.0,85.0,85.0,85.0
Joe Veleno,22-23,F,DET,84,85,85.0,85.0,85.0,85.0
Karson Kuhlman,22-23,F,SEA/WPG,84,85,84.0,85.0,84.0,85.0
Kirby Dach,22-23,F,MTL,87,85,87.0,85.0,87.0,85.0
Lukas Sedlak,22-23,F,COL/PHI,85,85,85.0,85.0,85.0,85.0
Luke Kunin,22-23,F,S.J,84,85,84.0,84.0,84.0,85.0
Mathieu Joseph,22-23,F,OTT,84,85,85.0,85.0,85.0,85.0
Mattias Janmark,22-23,F,EDM,84,85,84.0,85.0,84.0,85.0
Michael Eyssimont,22-23,F,S.J/T.B/WPG,85,85,85.0,85.0,85.0,85.0
Mikael Backlund,22-23,F,CGY,86,85,86.0,85.0,87.0,85.0
Morgan Barron,22-23,F,WPG,84,85,85.0,85.0,85.0,85.0
Nico Hischier,22-23,F,N.J,85,85,85.0,85.0,85.0,85.0
Nils Aman,22-23,F,VAN,87,85,87.0,85.0,87.0,85.0
Parker Kelly,22-23,F,OTT,84,85,84.0,84.0,84.0,85.0
Phillip Di Giuseppe,22-23,F,VAN,85,85,85.0,85.0,85.0,85.0
Saku Maenalanen,22-23,F,WPG,84,85,84.0,85.0,84.0,85.0
Sean Kuraly,22-23,F,CBJ,85,85,85.0,85.0,85.0,85.0
Tanner Jeannot,22-23,F,NSH/T.B,86,85,85.0,85.0,86.0,85.0
Walker Duehr,22-23,F,CGY,84,85,84.0,85.0,85.0,85.0
Zach Aston-Reese,22-23,F,TOR,84,85,84.0,85.0,85.0,85.0
Aleksander Barkov,23-24,F,FLA,86,85,86.0,85.0,87.0,85.0
Alex Kerfoot,23-24,F,ARI,84,85,84.0,85.0,85.0,85.0
Aliaksei Protas,23-24,F,WSH,84,85,84.0,85.0,84.0,85.0
Brandon Duhaime,23-24,F,COL/MIN,84,85,83.0,84.0,84.0,85.0
Brendan Lemieux,23-24,F,CAR,83,85,82.0,84.0,83.0,85.0
Brock Nelson,23-24,F,NYI,86,85,86.0,85.0,87.0,85.0
Bryan Rust,23-24,F,PIT,86,85,85.0,85.0,86.0,85.0
Cole Smith,23-24,F,NSH,84,85,85.0,85.0,85.0,85.0
Connor Brown,23-24,F,EDM,86,85,86.0,85.0,86.0,85.0
Emil Bemstrom,23-24,F,CBJ/PIT,84,85,84.0,85.0,85.0,85.0
Evander Kane,23-24,F,EDM,85,85,85.0,85.0,85.0,85.0
Evgeny Dadonov,23-24,F,DAL,86,85,85.0,85.0,86.0,85.0
Evgeny Kuznetsov,23-24,F,CAR/WSH,86,85,85.0,85.0,87.0,86.0
Fabian Zetterlund,23-24,F,S.J,86,85,85.0,85.0,86.0,85.0
Ilya Mikheyev,23-24,F,VAN,84,85,84.0,84.0,85.0,86.0
Jake Guentzel,23-24,F,CAR/PIT,86,85,86.0,85.0,87.0,85.0
Jakub Vrana,23-24,F,STL,84,85,84.0,85.0,85.0,85.0
Jansen Harkins,23-24,F,PIT,84,85,84.0,84.0,85.0,85.0
Jaret Anderson-Dolan,23-24,F,L.A/NSH,85,85,85.0,85.0,85.0,85.0
Jesper Boqvist,23-24,F,BOS,85,85,85.0,85.0,85.0,85.0
Jesse Puljujarvi,23-24,F,PIT,85,85,85.0,84.0,85.0,85.0
Joe Veleno,23-24,F,DET,84,85,85.0,85.0,85.0,85.0
Johnny Gaudreau,23-24,F,CBJ,85,85,85.0,84.0,85.0,85.0
Jonathan Drouin,23-24,F,COL,84,85,84.0,85.0,85.0,85.0
Jonny Brodzinski,23-24,F,NYR,85,85,85.0,85.0,85.0,86.0
Jordan Martinook,23-24,F,CAR,84,85,84.0,85.0,85.0,85.0
Kevin Rooney,23-24,F,CGY,86,85,86.0,85.0,86.0,85.0
Luke Glendening,23-24,F,T.B,85,85,85.0,85.0,85.0,85.0
Matt Duchene,23-24,F,DAL,86,85,85.0,85.0,86.0,85.0
Michael Carcone,23-24,F,ARI,84,85,84.0,85.0,84.0,85.0
Michael Eyssimont,23-24,F,T.B,84,85,84.0,85.0,84.0,85.0
Mitchell Stephens,23-24,F,MTL,83,85,83.0,85.0,83.0,86.0
Nico Sturm,23-24,F,S.J,86,85,85.0,84.0,86.0,85.0
Nikita Kucherov,23-24,F,T.B,85,85,85.0,85.0,86.0,86.0
Patrik Laine,23-24,F,CBJ,86,85,86.0,84.0,86.0,85.0
Paul Cotter,23-24,F,VGK,85,85,85.0,85.0,85.0,85.0
Pontus Holmberg,23-24,F,TOR,84,85,85.0,85.0,85.0,85.0
Steven Lorentz,23-24,F,FLA,84,85,84.0,85.0,84.0,85.0
William Lockwood,23-24,F,FLA,84,85,85.0,85.0,85.0,85.0
Yanni Gourde,23-24,F,SEA,87,85,87.0,85.0,87.0,85.0
Alex Kerfoot,24-25,F,UTA,85,85,85.0,85.0,85.0,85.0
Alex Tuch,24-25,F,BUF,85,85,85.0,85.0,86.0,86.0
Aliaksei Protas,24-25,F,WSH,85,85,85.0,85.0,85.0,85.0
Anthony Cirelli,24-25,F,T.B,84,85,84.0,84.0,85.0,85.0
Beck Malenstyn,24-25,F,BUF,84,85,84.0,85.0,85.0,85.0
Blake Lizotte,24-25,F,PIT,84,85,84.0,84.0,85.0,85.0
Brett Berard,24-25,F,NYR,84,85,84.0,85.0,84.0,85.0
Brett Leason,24-25,F,ANA,84,85,85.0,85.0,85.0,85.0
Bryan Rust,24-25,F,PIT,86,85,85.0,85.0,86.0,85.0
Cole Koepke,24-25,F,BOS,84,85,85.0,85.0,85.0,85.0
Cole Smith,24-25,F,NSH,84,85,84.0,85.0,85.0,85.0
Connor Brown,24-25,F,EDM,86,85,86.0,85.0,86.0,85.0
Conor Geekie,24-25,F,T.B,84,85,85.0,85.0,85.0,85.0
Dawson Mercer,24-25,F,N.J,85,85,85.0,84.0,85.0,85.0
Drake Batherson,24-25,F,OTT,86,85,86.0,85.0,87.0,85.0
Dylan Cozens,24-25,F,BUF/OTT,85,85,85.0,85.0,86.0,86.0
Fedor Svechkov,24-25,F,NSH,85,85,85.0,85.0,85.0,85.0
Isac Lundestrom,24-25,F,ANA,84,85,84.0,84.0,84.0,85.0
Jakub Vrana,24-25,F,NSH/WSH,84,85,83.0,85.0,84.0,85.0
Jj Peterka,24-25,F,BUF,86,85,86.0,85.0,86.0,85.0
Keegan Kolesar,24-25,F,VGK,84,85,84.0,84.0,85.0,85.0
Kirill Marchenko,24-25,F,CBJ,87,85,87.0,85.0,88.0,85.0
Klim Kostin,24-25,F,S.J,84,85,84.0,85.0,84.0,85.0
Kyle MacLean,24-25,F,NYI,84,85,84.0,85.0,84.0,85.0
Landon Slaggert,24-25,F,CHI,85,85,85.0,85.0,85.0,85.0
Lucas Raymond,24-25,F,DET,85,85,85.0,85.0,85.0,85.0
Marco Kasper,24-25,F,DET,86,85,86.0,85.0,87.0,85.0
Mason Appleton,24-25,F,WPG,84,85,84.0,85.0,85.0,85.0
Mathieu Joseph,24-25,F,STL,84,85,84.0,84.0,84.0,85.0
Max Domi,24-25,F,TOR,84,85,84.0,85.0,85.0,85.0
Max Jones,24-25,F,BOS/EDM,84,85,84.0,85.0,85.0,85.0
Max Sasson,24-25,F,VAN,84,85,84.0,85.0,85.0,85.0
Mika Zibanejad,24-25,F,NYR,86,85,86.0,85.0,87.0,85.0
Nick Suzuki,24-25,F,MTL,86,85,86.0,85.0,87.0,85.0
Sidney Crosby,24-25,F,PIT,86,85,86.0,85.0,86.0,85.0
Timo Meier,24-25,F,N.J,85,85,85.0,85.0,85.0,85.0
Troy Terry,24-25,F,ANA,86,85,86.0,85.0,86.0,85.0
Tyler Motte,24-25,F,DET,84,85,83.0,84.0,84.0,85.0
Viktor Arvidsson,24-25,F,EDM,85,85,85.0,85.0,85.0,85.0
Vinni Lettieri,24-25,F,BOS,84,85,84.0,85.0,85.0,86.0
Warren Foegele,24-25,F,L.A,86,85,85.0,85.0,86.0,86.0
Zack Ostapchuk,24-25,F,OTT/S.J,85,85,85.0,85.0,85.0,85.0
Zemgus Girgensons,24-25,F,T.B,85,85,85.0,85.0,85.0,85.0
Alex Turcotte,25-26,F,L.A,86,85,85.0,85.0,86.0,85.0
Alexis Lafrenière,25-26,F,NYR,86,85,85.0,85.0,86.0,85.0
Andrei Svechnikov,25-26,F,CAR,85,85,85.0,85.0,85.0,85.0
Andrew Copp,25-26,F,DET,85,85,84.0,84.0,85.0,85.0
Barrett Hayton,25-26,F,UTA,87,85,87.0,85.0,87.0,85.0
Berkly Catton,25-26,F,SEA,86,85,86.0,85.0,86.0,85.0
Brad Marchand,25-26,F,FLA,86,85,85.0,85.0,86.0,85.0
Bryan Rust,25-26,F,PIT,84,85,85.0,85.0,85.0,85.0
Chris Kreider,25-26,F,ANA,84,85,84.0,84.0,84.0,85.0
Christian Dvorak,25-26,F,PHI,87,85,87.0,85.0,87.0,86.0
Cole Sillinger,25-26,F,CBJ,85,85,85.0,85.0,86.0,85.0
Collin Graf,25-26,F,S.J,85,85,85.0,85.0,85.0,85.0
Dylan Holloway,25-26,F,STL,87,85,87.0,85.0,87.0,85.0
Emmitt Finnie,25-26,F,DET,86,85,86.0,85.0,86.0,85.0
Erik Haula,25-26,F,NSH,86,85,85.0,84.0,86.0,85.0
Fabian Zetterlund,25-26,F,OTT,85,85,84.0,84.0,85.0,85.0
Fedor Svechkov,25-26,F,NSH,85,85,85.0,85.0,85.0,85.0
Fraser Minten,25-26,F,BOS,85,85,84.0,85.0,85.0,85.0
Isaac Howard,25-26,F,EDM,84,85,84.0,85.0,84.0,85.0
Jeff Malott,25-26,F,L.A,85,85,85.0,85.0,85.0,85.0
Joel Eriksson Ek,25-26,F,MIN,86,85,85.0,84.0,86.0,85.0
Jonny Brodzinski,25-26,F,NYR,84,85,84.0,85.0,85.0,85.0
Josh Doan,25-26,F,BUF,86,85,86.0,85.0,86.0,86.0
Justin Sourdif,25-26,F,WSH,85,85,85.0,85.0,86.0,85.0
Kiefer Sherwood,25-26,F,S.J/VAN,85,85,84.0,84.0,85.0,85.0
Kyle Connor,25-26,F,WPG,86,85,86.0,85.0,87.0,85.0
Landon Slaggert,25-26,F,CHI,85,85,85.0,85.0,85.0,85.0
Lawson Crouse,25-26,F,UTA,85,85,85.0,85.0,86.0,85.0
Liam Ohgren,25-26,F,MIN/VAN,86,85,85.0,85.0,86.0,85.0
Luke Glendening,25-26,F,N.J/PHI,85,85,85.0,85.0,85.0,85.0
Marat Khusnutdinov,25-26,F,BOS,84,85,84.0,84.0,85.0,85.0
Marcus Johansson,25-26,F,MIN,86,85,86.0,85.0,87.0,85.0
Matt Rempe,25-26,F,NYR,84,85,84.0,85.0,85.0,85.0
Max Domi,25-26,F,TOR,84,85,84.0,85.0,85.0,85.0
Nicholas Robertson,25-26,F,TOR,85,85,85.0,85.0,86.0,86.0
Nick Lardis,25-26,F,CHI,84,85,85.0,85.0,85.0,85.0
Nikita Kucherov,25-26,F,T.B,85,85,85.0,85.0,86.0,85.0
Shane Wright,25-26,F,SEA,86,85,86.0,85.0,87.0,85.0
Simon Holmstrom,25-26,F,NYI,85,85,85.0,85.0,86.0,86.0
Steven Stamkos,25-26,F,NSH,85,85,85.0,84.0,85.0,85.0
Trevor Moore,25-26,F,L.A,85,85,85.0,85.0,85.0,85.0
William Carrier,25-26,F,CAR,84,85,84.0,85.0,85.0,86.0
William Nylander,25-26,F,TOR,85,85,85.0,84.0,85.0,85.0
Brady Skjei,21-22,D,CAR,85,85,85.0792147756091,85.14493852039702,85.3031148320819,85.37445794843735
Calle Rosen,21-22,D,STL,84,85,84.12935518174872,84.98646474869753,84.42740803581809,85.29199803738653
Cam Fowler,21-22,D,ANA,87,85,86.55581115992416,84.44733923619279,87.06235405077247,84.96659517751286
Chris Tanev,21-22,D,CGY,86,85,85.78559254491738,84.6293127757905,86.09246813813483,84.94389023389562
Connor Clifton,21-22,D,BOS,84,85,83.82779270497772,84.30884443789084,84.21486488612517,84.705631232083
Dean Kukan,21-22,D,CBJ,84,85,83.46914233001782,84.51523875076029,83.77667084380147,84.83048551622188
Filip Hronek,21-22,D,DET,86,85,85.90512010212872,84.70226293138916,86.21997371289312,85.02501863675835
Ivan Provorov,21-22,D,PHI,86,85,85.55325283271767,84.624031601781,85.842668285269,84.92071071022812
Jan Rutta,21-22,D,T.B,84,85,84.09163139900723,84.46974881919638,84.56381633350647,84.95378449923514
John Klingberg,21-22,D,DAL,88,85,87.95877935948624,84.34671710748957,88.71603889282139,85.12298209691035
Justin Faulk,21-22,D,STL,86,85,86.24559486173808,85.18409541036303,86.60317301792833,85.55064794805061
Justin Schultz,21-22,D,WSH,86,85,85.66233700968944,85.08522961386008,85.99483323806233,85.42607072557719
Kris Letang,21-22,D,PIT,86,85,85.94637197356627,84.4470131075581,86.31366537602823,84.82352472164203
Lassi Thomson,21-22,D,OTT,84,85,83.97810990887828,84.52631963882374,84.5783646348617,85.14163936476118
MacKenzie Weegar,21-22,D,FLA,87,85,87.01332634635277,85.1313916992508,87.48002180566802,85.60980013102387
Matt Dumba,21-22,D,MIN,84,85,84.01069654528229,85.07990084184564,84.36087703491741,85.43887004872343
Nikita Zadorov,21-22,D,CGY,84,85,84.1053731217779,85.08730275069352,84.74848365610218,85.74655386625878
Niko Mikkola,21-22,D,STL,85,85,85.2864962686249,85.30603789536524,85.6181722923398,85.64603821719177
Noah Dobson,21-22,D,NYI,85,85,85.0397375776328,84.49350681218652,85.31564510566639,84.77633897857315
Noah Hanifin,21-22,D,CGY,86,85,85.6482519342993,84.79802881950005,86.06480767174062,85.22503913879432
Simon Benoit,21-22,D,ANA,83,85,82.42670552978241,84.41764548235906,82.932113338876,84.93573785400778
Thomas Chabot,21-22,D,OTT,88,85,87.49769017404293,85.22886902590426,88.01690165058248,85.76111150500256
Thomas Harley,21-22,D,DAL,84,85,84.23237505611394,84.45195198679019,84.45396883263834,84.67910725261012
Tony Deangelo,21-22,D,CAR,86,85,85.52895321444923,84.69961011082347,85.93076582936311,85.11150728944534
Tucker Poolman,21-22,D,VAN,85,85,84.8790865542032,84.4647407575602,85.31822412122845,84.91489965793056
Brady Skjei,22-23,D,CAR,85,85,84.63435470290415,84.65827649494462,84.9335542567737,84.96330807199239
Brett Kulak,22-23,D,EDM,85,85,84.72613704280423,84.59981025225494,85.49817832184291,85.38690022563712
Cam Fowler,22-23,D,ANA,88,85,87.19150487661264,85.10475051665041,87.92786312284674,85.8554619205145
Daniil Miromanov,22-23,D,VGK,85,85,85.26065441225244,85.09232239988171,85.65745474422842,85.49908149890142
Erik Gudbranson,22-23,D,CBJ,86,85,85.44536287321641,84.19010279023416,86.20792174924036,84.96752552879471
Jaccob Slavin,22-23,D,CAR,85,85,84.44771828150348,84.66459470049116,84.75798616166672,84.98091034859111
Jacob Bryson,22-23,D,BUF,85,85,84.70832746982659,84.66156142106335,85.34651677000114,85.31219036141309
Jake Walman,22-23,D,DET,84,85,83.98637057272431,85.18026884686762,84.58197181328613,85.78747959752063
Jared Spurgeon,22-23,D,MIN,86,85,86.17971493137449,85.10518958416917,86.71796594656298,85.65393223397301
John Klingberg,22-23,D,ANA/MIN,89,85,88.07435793690878,84.0787389995161,89.06073773087999,85.0843453924129
Josh Mahura,22-23,D,FLA,84,85,83.54731984782994,84.09730740132295,84.54794137165301,85.11743312508243
Justin Barron,22-23,D,MTL,85,85,84.33575477213098,85.28206612919625,84.71081543292539,85.66653994176279
Mattias Samuelsson,22-23,D,BUF,86,85,85.4964196218174,84.33871311756634,85.97358951349354,84.82518404539782
Niko Mikkola,22-23,D,NYR/STL,85,85,84.9398858421983,85.079091770783,85.3858775532207,85.53377679020889
Noah Dobson,22-23,D,NYI,86,85,85.56490195244005,84.32980076169271,86.03207002204297,84.80607491108356
Seth Jones,22-23,D,CHI,87,85,86.51229502566538,84.67563734737814,87.5630522460169,85.74687601693141
Timothy Liljegren,22-23,D,TOR,86,85,85.66920121030896,84.93968808425954,86.46700517538987,85.75304291215376
Tony Deangelo,22-23,D,PHI,86,85,85.62150266735593,84.5441608997006,86.13775957273211,85.07048072863108
Vladislav Gavrikov,22-23,D,CBJ/L.A,83,85,82.5086194740991,84.45390242294907,83.3251164104329,85.28631458708335
William Borgen,22-23,D,SEA,85,85,84.48937497147234,84.65309927527106,85.0851161748531,85.2604527169102
Alex Vlasic,23-24,D,CHI,85,85,84.15554809426693,84.1697416124067,84.98038498629535,85.0106562953621
Brett Kulak,23-24,D,EDM,86,85,85.6110344397407,84.74919842152252,86.686569068421,85.83078739257003
Calen Addison,23-24,D,MIN/S.J,86,85,85.53182606349446,84.93983158859065,86.55397268121521,85.96773201972492
Cam Fowler,23-24,D,ANA,87,85,86.65774255312176,84.57334334763149,87.77529901189185,85.6971906958213
Cody Ceci,23-24,D,EDM,85,85,84.78708224784242,84.14922001921985,85.49168365420086,84.85778773036547
Emil Martinsen Lilleberg,23-24,D,T.B,84,85,83.3191697773565,84.5755885415166,83.72760756510314,84.99427716942704
Evan Bouchard,23-24,D,EDM,86,85,85.76323657532656,84.82563878663868,86.68935946561005,85.75697495867283
Hampus Lindholm,23-24,D,BOS,85,85,84.66754181553033,84.16932606859888,85.80268786614144,85.31086202302524
Jared Spurgeon,23-24,D,MIN,87,85,86.28668652008527,84.44780925053459,87.25044255739618,85.41699041210724
Jeremy Lauzon,23-24,D,NSH,85,85,84.68760752888078,84.40909205083584,85.52761635267957,85.2538294076592
Josh Mahura,23-24,D,FLA,85,85,83.88814863857353,84.04824562549712,85.35494616366206,85.52329996925378
Josh Manson,23-24,D,COL,86,85,85.3393754891963,84.45976699513416,86.11759536404654,85.24236758394163
Mario Ferraro,23-24,D,S.J,86,85,85.14353063257956,84.35831443078312,86.09988521470883,85.320052473296
Mattias Samuelsson,23-24,D,BUF,86,85,85.80047178579078,84.87344881979308,86.8363078937134,85.91511580127987
Nikita Zadorov,23-24,D,CGY/VAN,84,85,83.2361446878231,84.18000435506926,84.6868514743512,85.63887738313521
Noah Dobson,23-24,D,NYI,86,85,85.66887503380285,84.68483139758595,86.49791720143152,85.51854036532114
Timothy Liljegren,23-24,D,TOR,87,85,86.07284579922772,84.50840164639897,87.17558373228839,85.61734705322203
Ty Emberson,23-24,D,S.J,86,85,85.96312033881594,85.07643229525125,86.25200866208593,85.37257104469596
Bowen Byram,24-25,D,BUF,87,85,85.7280783754704,84.24154699359431,88.04741189332462,86.57393638041495
Braden Schneider,24-25,D,NYR,84,85,83.62552774274138,83.79751704530504,85.03558438676859,85.21551110524847
Cam Fowler,24-25,D,ANA/STL,87,85,86.70180816638953,83.9927546410067,87.74249033781203,85.03929496519645
Devon Toews,24-25,D,COL,85,85,84.6929594596512,84.08151590414572,86.24164146001412,85.63891566291282
Elias Pettersson (D),24-25,D,VAN,85,85,84.99185366691174,84.2652928731466,85.64038839485352,84.93010431699531
Ivan Provorov,24-25,D,CBJ,87,85,86.22155615194565,84.43904658658039,87.02785810633617,85.24988733307772
Jake Walman,24-25,D,EDM/S.J,84,85,83.61755041521678,84.00449030176087,84.71755477348466,85.11068674609722
Josh Manson,24-25,D,COL,86,85,85.41136755383944,84.63380631373975,86.14499434175043,85.37156279457308
Kevin Korchinski,24-25,D,CHI,85,85,85.00947316213065,84.80383069147736,85.85413647502733,85.66495825358463
MacKenzie Weegar,24-25,D,CGY,87,85,86.67839010213943,84.26216226999253,88.10088436087118,85.69266395780012
Martin Fehervary,24-25,D,WSH,83,85,82.24197098540144,83.86263094115338,84.08742824993861,85.71847655563828
Maveric Lamoureux,24-25,D,UTA,86,85,85.53848903926176,84.96615101378025,85.9834130734979,85.4222416082535
Nick Blankenburg,24-25,D,NSH,85,85,84.82459266767923,84.72953181529229,85.56297294046452,85.48230465922124
Nikolas Matinpalo,24-25,D,OTT,83,85,83.10941530379277,84.34607443168187,83.59340029207539,84.84220631945665
Nils Lundkvist,24-25,D,DAL,85,85,85.0757094768522,84.48240241227252,85.67356528856659,85.08362364214625
Rasmus Ristolainen,24-25,D,PHI,84,85,83.71543000627317,83.88030101776906,84.99005845830384,85.16210454053557
Timothy Liljegren,24-25,D,S.J/TOR,87,85,86.42019507952146,84.99722140771279,87.14692542510316,85.7280426251302
Tony Deangelo,24-25,D,NYI,86,85,85.27023024811602,83.91304374378691,86.73223084012884,85.38327415182714
Tyler Myers,24-25,D,VAN,85,85,84.52273010357752,83.99228978391375,85.54207181721861,85.0173695217514
William Borgen,24-25,D,NYR/SEA,85,85,84.6100772731048,84.17953071435119,85.49559510559554,85.07003325675942
Alex Nikishin,25-26,D,CAR,85,85,84.80437701765312,85.0556588456389,85.04040287587854,85.2976084049022
Brady Skjei,25-26,D,NSH,86,85,85.45151864522803,84.05126920120681,86.63828195998279,85.24471298093667
Brett Kulak,25-26,D,COL/EDM/PIT,87,85,86.19687127695073,84.30088142251284,87.51143563576144,85.62284565714324
Evan Bouchard,25-26,D,EDM,88,85,87.36048290737301,84.99520377111119,88.33002435334213,85.97020290825695
Filip Hronek,25-26,D,VAN,87,85,86.58526532551826,83.98622186716622,87.77066596158502,85.17829529748964
Jalen Chatfield,25-26,D,CAR,85,85,84.57079406100384,84.61742836152281,85.78066728325977,85.83411213781686
Josh Manson,25-26,D,COL,85,85,85.13193887552231,84.25253254593287,85.6502689726945,84.77378039933888
Justin Barron,25-26,D,NSH,86,85,85.12977753853501,84.04809213061448,86.74648891117555,85.67390420898589
Louis Crevier,25-26,D,CHI,83,85,82.82424503042442,83.99854748819915,84.11027918084945,85.2918209137112
Michael Kesselring,25-26,D,BUF,85,85,84.70919920455786,84.05172914050331,86.13841678483283,85.48899199641843
Miro Heiskanen,25-26,D,DAL,87,85,86.27486267561697,84.81594636386632,87.62846707931914,86.1771704055339
Nikita Zadorov,25-26,D,BOS,83,85,82.31318440035197,83.9805102870618,83.86116051240754,85.53720018397262
Pavel Mintyukov,25-26,D,ANA,85,85,84.97100909644944,84.18978925933438,85.74325219671805,84.96637942941841
Rasmus Dahlin,25-26,D,BUF,88,85,87.53870218242659,84.66199244806108,88.91925012743438,86.05031170018496
Sam Dickinson,25-26,D,S.J,85,85,84.96524050150191,85.0248135338852,85.26894957353336,85.33614499847455
Seth Jones,25-26,D,FLA,88,85,87.3677290479299,84.53754064328928,88.81984096321716,85.9978267097905
Shea Theodore,25-26,D,VGK,87,85,86.30501775567788,84.7416426445406,87.62543236451904,86.06949006111799
Tom Willander,25-26,D,VAN,86,85,85.7908767998218,84.64217457771517,86.09301709712992,84.95189789497802
Tony Deangelo,25-26,D,NYI,85,85,84.63096718057646,83.97615792977417,86.06170356504018,85.41494813944986
Ty Emberson,25-26,D,EDM,86,85,85.397589223385,84.14386261996586,86.15569401712031,84.9062348969129
William Borgen,25-26,D,NYR,85,85,84.67063487682593,84.01537882465185,85.7613534975984,85.11223726071283
Wyatt Kaiser,25-26,D,CHI,87,85,86.23845935818325,84.73086551245581,87.28691316950925,85.78522122425133
Adam Brooks,21-22,F,MTL/VGK/WPG,84,84,83.0,84.0,83.0,84.0
Adam Erne,21-22,F,DET,83,84,83.0,85.0,83.0,85.0
Adam Henrique,21-22,F,ANA,82,84,82.0,83.0,82.0,83.0
Adam Lowry,21-22,F,WPG,84,84,84.0,84.0,84.0,84.0
Adam Ruzicka,21-22,F,CGY,84,84,84.0,83.0,84.0,84.0
Aleksander Barkov,21-22,F,FLA,86,84,86.0,84.0,87.0,85.0
Alex Debrincat,21-22,F,CHI,85,84,85.0,84.0,85.0,84.0
Alex Galchenyuk,21-22,F,ARI,84,84,83.0,84.0,83.0,84.0
Alex Iafallo,21-22,F,L.A,84,84,83.0,84.0,84.0,84.0
Alex Texier,21-22,F,CBJ,84,84,85.0,85.0,85.0,85.0
Alex Wennberg,21-22,F,SEA,84,84,83.0,84.0,84.0,84.0
Alexis Lafrenière,21-22,F,NYR,84,84,84.0,84.0,85.0,84.0
Aliaksei Protas,21-22,F,WSH,82,84,82.0,83.0,83.0,84.0
Anders Bjork,21-22,F,BUF,82,84,83.0,83.0,83.0,84.0
Andrew Cogliano,21-22,F,COL/S.J,84,84,84.0,84.0,85.0,84.0
Andrew Copp,21-22,F,NYR/WPG,84,84,84.0,84.0,85.0,84.0
Andrew Mangiapane,21-22,F,CGY,84,84,84.0,84.0,84.0,84.0
Anthony Beauvillier,21-22,F,NYI,85,84,85.0,84.0,85.0,85.0
Anton Lundell,21-22,F,FLA,84,84,84.0,83.0,84.0,84.0
Artemi Panarin,21-22,F,NYR,83,84,83.0,84.0,83.0,84.0
Artturi Lehkonen,21-22,F,COL/MTL,85,84,85.0,84.0,85.0,85.0
Auston Matthews,21-22,F,TOR,86,84,85.0,84.0,85.0,84.0
Barclay Goodrow,21-22,F,NYR,82,84,83.0,83.0,83.0,83.0
Barrett Hayton,21-22,F,ARI,84,84,84.0,84.0,84.0,84.0
Blake Coleman,21-22,F,CGY,84,84,84.0,84.0,84.0,84.0
Boone Jenner,21-22,F,CBJ,84,84,83.0,84.0,84.0,84.0
Boris Katchouk,21-22,F,CHI/T.B,82,84,82.0,84.0,83.0,84.0
Brad Marchand,21-22,F,BOS,84,84,84.0,84.0,84.0,84.0
Brady Tkachuk,21-22,F,OTT,82,84,83.0,83.0,83.0,84.0
Brandon Saad,21-22,F,STL,84,84,84.0,84.0,84.0,84.0
Brayden Schenn,21-22,F,STL,84,84,83.0,83.0,84.0,84.0
Brendan Gallagher,21-22,F,MTL,84,84,84.0,84.0,84.0,84.0
Brett Howden,21-22,F,VGK,82,84,83.0,83.0,83.0,84.0
Brett Leason,21-22,F,WSH,83,84,83.0,84.0,83.0,84.0
Brock Nelson,21-22,F,NYI,84,84,85.0,84.0,85.0,84.0
Buddy Robinson,21-22,F,ANA,83,84,83.0,85.0,84.0,85.0
Calle Jarnkrok,21-22,F,CGY/SEA,84,84,83.0,84.0,83.0,84.0
Carl Grundstrom,21-22,F,L.A,84,84,84.0,84.0,84.0,84.0
Carl Hagelin,21-22,F,WSH,84,84,84.0,84.0,84.0,84.0
Casey Cizikas,21-22,F,NYI,86,84,85.0,84.0,86.0,85.0
Christian Dvorak,21-22,F,MTL,85,84,85.0,85.0,85.0,85.0
Christian Fischer,21-22,F,ARI,84,84,84.0,84.0,84.0,84.0
Clayton Keller,21-22,F,ARI,84,84,84.0,84.0,84.0,84.0
Cole Caufield,21-22,F,MTL,84,84,84.0,84.0,85.0,84.0
Cole Sillinger,21-22,F,CBJ,84,84,84.0,84.0,84.0,84.0
Colin Blackwell,21-22,F,SEA/TOR,84,84,84.0,84.0,84.0,85.0
Conor Garland,21-22,F,VAN,84,84,84.0,84.0,84.0,84.0
Conor Sheary,21-22,F,WSH,84,84,85.0,85.0,85.0,85.0
Craig Smith,21-22,F,BOS,82,84,82.0,83.0,82.0,83.0
Curtis Lazar,21-22,F,BOS,84,84,84.0,84.0,84.0,84.0
Darren Helm,21-22,F,COL,83,84,83.0,84.0,83.0,84.0
David Kampf,21-22,F,TOR,84,84,84.0,84.0,84.0,84.0
Devin Shore,21-22,F,EDM,82,84,82.0,84.0,83.0,84.0
Drake Batherson,21-22,F,OTT,85,84,85.0,84.0,85.0,84.0
Drake Caggiula,21-22,F,BUF,82,84,83.0,83.0,83.0,83.0
Drew O'Connor,21-22,F,PIT,84,84,84.0,84.0,84.0,85.0
Dylan Gambrell,21-22,F,OTT,84,84,84.0,84.0,84.0,85.0
Eetu Luostarinen,21-22,F,FLA,84,84,84.0,84.0,84.0,84.0
Elias Lindholm,21-22,F,CGY,84,84,84.0,84.0,85.0,84.0
Elias Pettersson,21-22,F,VAN,85,84,85.0,85.0,85.0,85.0
Erik Haula,21-22,F,BOS,85,84,85.0,85.0,85.0,85.0
Evan Rodrigues,21-22,F,PIT,84,84,84.0,84.0,84.0,84.0
Evander Kane,21-22,F,EDM,85,84,85.0,84.0,85.0,84.0
Evgeny Dadonov,21-22,F,VGK,86,84,85.0,84.0,85.0,85.0
Frederick Gaudreau,21-22,F,MIN,84,84,84.0,84.0,84.0,84.0
Garnet Hathaway,21-22,F,WSH,84,84,84.0,84.0,84.0,84.0
Givani Smith,21-22,F,DET,82,84,82.0,83.0,82.0,84.0
Greg McKegg,21-22,F,NYR,83,84,83.0,83.0,83.0,84.0
Isac Lundestrom,21-22,F,ANA,84,84,84.0,85.0,85.0,85.0
Jaden Schwartz,21-22,F,SEA,84,84,84.0,84.0,84.0,84.0
Jakob Silfverberg,21-22,F,ANA,82,84,82.0,83.0,82.0,84.0
James Neal,21-22,F,STL,83,84,83.0,83.0,83.0,84.0
Jansen Harkins,21-22,F,WPG,83,84,83.0,84.0,83.0,84.0
Jason Dickinson,21-22,F,VAN,84,84,83.0,84.0,84.0,84.0
Jason Zucker,21-22,F,PIT,84,84,83.0,84.0,84.0,84.0
Jean-Gabriel Pageau,21-22,F,NYI,84,84,84.0,84.0,85.0,85.0
Jeffrey Viel,21-22,F,S.J,82,84,82.0,83.0,82.0,83.0
Jimmy Vesey,21-22,F,N.J,84,84,83.0,84.0,84.0,84.0
Joe Veleno,21-22,F,DET,84,84,84.0,84.0,84.0,84.0
Joel Eriksson Ek,21-22,F,MIN,84,84,85.0,84.0,85.0,84.0
Joel Farabee,21-22,F,PHI,84,84,84.0,84.0,84.0,84.0
Joel Kiviranta,21-22,F,DAL,83,84,83.0,84.0,83.0,84.0
Johan Larsson,21-22,F,ARI/WSH,82,84,82.0,83.0,82.0,83.0
Johnny Gaudreau,21-22,F,CGY,85,84,85.0,85.0,85.0,85.0
Jonah Gadjovich,21-22,F,S.J,82,84,82.0,84.0,83.0,84.0
Jonas Rondbjerg,21-22,F,VGK,82,84,82.0,83.0,83.0,83.0
Jonathan Toews,21-22,F,CHI,83,84,83.0,84.0,83.0,84.0
Joonas Donskoi,21-22,F,SEA,85,84,85.0,84.0,85.0,85.0
Jordan Eberle,21-22,F,SEA,84,84,83.0,83.0,84.0,84.0
Jordan Greenway,21-22,F,MIN,84,84,84.0,84.0,84.0,85.0
Jordan Staal,21-22,F,CAR,86,84,85.0,84.0,85.0,85.0
Juho Lammikko,21-22,F,VAN,85,84,85.0,84.0,85.0,84.0
Justin Dowling,21-22,F,VAN,82,84,82.0,83.0,82.0,83.0
Kailer Yamamoto,21-22,F,EDM,84,84,84.0,84.0,84.0,84.0
Kevin Fiala,21-22,F,MIN,84,84,84.0,84.0,84.0,84.0
Kevin Rooney,21-22,F,NYR,85,84,85.0,84.0,85.0,84.0
Kirill Kaprizov,21-22,F,MIN,84,84,85.0,84.0,85.0,84.0
Klim Kostin,21-22,F,STL,82,84,82.0,84.0,82.0,84.0
Kyle Okposo,21-22,F,BUF,84,84,83.0,84.0,83.0,84.0
Kyle Palmieri,21-22,F,NYI,84,84,83.0,84.0,83.0,84.0
Lars Eller,21-22,F,WSH,84,84,84.0,84.0,85.0,84.0
Laurent Dauphin,21-22,F,MTL,83,84,83.0,84.0,83.0,84.0
Lawson Crouse,21-22,F,ARI,84,84,84.0,84.0,85.0,85.0
Lias Andersson,21-22,F,L.A,83,84,83.0,83.0,83.0,84.0
Logan Brown,21-22,F,STL,84,84,83.0,84.0,83.0,84.0
Logan Couture,21-22,F,S.J,86,84,86.0,84.0,86.0,84.0
Lucas Raymond,21-22,F,DET,84,84,83.0,84.0,84.0,84.0
Luke Kunin,21-22,F,NSH,83,84,83.0,84.0,83.0,84.0
Marcus Johansson,21-22,F,SEA/WSH,86,84,86.0,85.0,86.0,85.0
Mark Scheifele,21-22,F,WPG,85,84,85.0,84.0,85.0,84.0
Mason Marchment,21-22,F,FLA,82,84,82.0,83.0,82.0,83.0
Matias MacCelli,21-22,F,ARI,84,84,84.0,84.0,84.0,84.0
Matt Boldy,21-22,F,MIN,82,84,82.0,83.0,82.0,83.0
Matt Duchene,21-22,F,NSH,84,84,84.0,84.0,84.0,84.0
Matthew Highmore,21-22,F,VAN,84,84,84.0,84.0,84.0,84.0
Max Comtois,21-22,F,ANA,82,84,82.0,83.0,82.0,84.0
Max Domi,21-22,F,CAR/CBJ,83,84,83.0,85.0,83.0,85.0
Max Pacioretty,21-22,F,VGK,84,84,84.0,84.0,84.0,85.0
Maxim Mamin,21-22,F,FLA,86,84,85.0,84.0,86.0,85.0
Michael Amadio,21-22,F,TOR/VGK,82,84,83.0,84.0,83.0,84.0
Michael Bunting,21-22,F,TOR,84,84,84.0,84.0,84.0,84.0
Michael McCarron,21-22,F,NSH,84,84,83.0,83.0,83.0,84.0
Michael Pezzetta,21-22,F,MTL,83,84,83.0,84.0,83.0,84.0
Michael Raffl,21-22,F,DAL,84,84,83.0,84.0,83.0,84.0
Michael Rasmussen,21-22,F,DET,84,84,83.0,84.0,84.0,84.0
Mikael Backlund,21-22,F,CGY,86,84,85.0,84.0,85.0,84.0
Mike Hoffman,21-22,F,MTL,84,84,83.0,84.0,83.0,84.0
Milan Lucic,21-22,F,CGY,82,84,82.0,83.0,83.0,84.0
Mitch Marner,21-22,F,TOR,84,84,84.0,84.0,84.0,84.0
Morgan Barron,21-22,F,NYR/WPG,83,84,83.0,84.0,84.0,85.0
Morgan Frost,21-22,F,PHI,86,84,85.0,84.0,86.0,85.0
Nathan Bastian,21-22,F,N.J/SEA,82,84,83.0,83.0,83.0,84.0
Nathan Walker,21-22,F,STL,83,84,83.0,84.0,83.0,84.0
Nazem Kadri,21-22,F,COL,83,84,83.0,83.0,83.0,84.0
Nick Bjugstad,21-22,F,MIN,84,84,84.0,85.0,84.0,85.0
Nick Paul,21-22,F,OTT/T.B,84,84,84.0,84.0,84.0,84.0
Nick Schmaltz,21-22,F,ARI,84,84,84.0,83.0,85.0,84.0
Nils Hoglander,21-22,F,VAN,83,84,83.0,84.0,83.0,84.0
Nolan Patrick,21-22,F,VGK,84,84,84.0,84.0,84.0,84.0
Oliver Bjorkstrand,21-22,F,CBJ,84,84,84.0,84.0,84.0,84.0
Patric Hornqvist,21-22,F,FLA,84,84,84.0,84.0,84.0,84.0
Patrick Brown,21-22,F,PHI,84,84,83.0,83.0,83.0,84.0
Patrick Kane,21-22,F,CHI,84,84,83.0,83.0,84.0,84.0
Patrik Laine,21-22,F,CBJ,85,84,85.0,85.0,85.0,85.0
Pavel Buchnevich,21-22,F,STL,84,84,84.0,84.0,84.0,84.0
Peyton Krebs,21-22,F,BUF/VGK,84,84,84.0,84.0,84.0,84.0
Phil Kessel,21-22,F,ARI,82,84,83.0,84.0,83.0,84.0
Philipp Kurashev,21-22,F,CHI,84,84,84.0,84.0,84.0,84.0
Phillip Danault,21-22,F,L.A,84,84,84.0,83.0,84.0,84.0
Pierre-Edouard Bellemare,21-22,F,T.B,82,84,83.0,83.0,83.0,84.0
Rasmus Asplund,21-22,F,BUF,84,84,84.0,84.0,84.0,84.0
Reese Johnson,21-22,F,CHI,84,84,83.0,84.0,84.0,84.0
Reilly Smith,21-22,F,VGK,86,84,85.0,84.0,85.0,84.0
Robby Fabbri,21-22,F,DET,83,84,83.0,84.0,83.0,84.0
Ryan Carpenter,21-22,F,CGY/CHI,82,84,83.0,83.0,83.0,84.0
Ryan Dzingel,21-22,F,ARI/S.J,83,84,83.0,84.0,83.0,84.0
Ryan Nugent-Hopkins,21-22,F,EDM,84,84,84.0,84.0,84.0,84.0
Ryan O'Reilly,21-22,F,STL,84,84,84.0,84.0,84.0,84.0
Sam Bennett,21-22,F,FLA,86,84,86.0,84.0,86.0,84.0
Scott Laughton,21-22,F,PHI,86,84,86.0,85.0,86.0,85.0
Sean Monahan,21-22,F,CGY,84,84,84.0,83.0,85.0,84.0
Seth Jarvis,21-22,F,CAR,84,84,84.0,84.0,84.0,85.0
Sonny Milano,21-22,F,ANA,84,84,84.0,84.0,84.0,84.0
T.J. Oshie,21-22,F,WSH,84,84,83.0,84.0,84.0,84.0
Tage Thompson,21-22,F,BUF,85,84,85.0,84.0,85.0,84.0
Tanner Kero,21-22,F,DAL,82,84,83.0,84.0,83.0,84.0
Tanner Pearson,21-22,F,VAN,84,84,83.0,84.0,83.0,84.0
Taylor Raddysh,21-22,F,CHI/T.B,83,84,83.0,84.0,83.0,84.0
Thomas Novak,21-22,F,NSH,82,84,81.0,83.0,82.0,83.0
Tomas Hertl,21-22,F,S.J,84,84,84.0,84.0,84.0,84.0
Travis Konecny,21-22,F,PHI,84,84,85.0,85.0,85.0,85.0
Trent Frederic,21-22,F,BOS,84,84,84.0,84.0,84.0,85.0
Trevor Lewis,21-22,F,CGY,83,84,83.0,83.0,83.0,84.0
Trevor Moore,21-22,F,L.A,84,84,84.0,84.0,85.0,84.0
Trevor Zegras,21-22,F,ANA,84,84,83.0,83.0,84.0,83.0
Troy Terry,21-22,F,ANA,86,84,85.0,84.0,86.0,85.0
Tyler Benson,21-22,F,EDM,82,84,81.0,83.0,82.0,83.0
Tyler Ennis,21-22,F,OTT,82,84,82.0,84.0,83.0,84.0
Tyler Pitlick,21-22,F,CGY/MTL,85,84,85.0,85.0,85.0,85.0
Tyler Seguin,21-22,F,DAL,84,84,84.0,84.0,84.0,84.0
Tyler Toffoli,21-22,F,CGY/MTL,83,84,82.0,83.0,83.0,84.0
Tyson Jost,21-22,F,COL/MIN,84,84,84.0,84.0,84.0,84.0
Vasily Podkolzin,21-22,F,VAN,84,84,85.0,84.0,85.0,85.0
Vinni Lettieri,21-22,F,ANA,84,84,84.0,85.0,85.0,85.0
Vladimir Tarasenko,21-22,F,STL,82,84,82.0,84.0,83.0,84.0
Vladislav Namestnikov,21-22,F,DAL/DET,83,84,83.0,84.0,83.0,84.0
William Nylander,21-22,F,TOR,84,84,84.0,84.0,84.0,84.0
Yakov Trenin,21-22,F,NSH,85,84,85.0,84.0,85.0,84.0
Yanni Gourde,21-22,F,SEA,86,84,86.0,85.0,86.0,85.0
Yegor Chinakhov,21-22,F,CBJ,84,84,84.0,84.0,84.0,85.0
Yegor Sharangovich,21-22,F,N.J,84,84,85.0,84.0,85.0,84.0
Zach Aston-Reese,21-22,F,ANA/PIT,85,84,85.0,84.0,85.0,85.0
Zach Parise,21-22,F,NYI,84,84,84.0,84.0,84.0,84.0
Zach Sanford,21-22,F,OTT/WPG,84,84,84.0,84.0,84.0,84.0
Zack Kassian,21-22,F,EDM,84,84,84.0,84.0,84.0,85.0
Adam Erne,22-23,F,DET,82,84,82.0,84.0,82.0,84.0
Adam Lowry,22-23,F,WPG,84,84,84.0,84.0,84.0,84.0
Aleksander Barkov,22-23,F,FLA,86,84,86.0,84.0,87.0,85.0
Alex Barabanov,22-23,F,S.J,84,84,84.0,83.0,84.0,84.0
Alex Belzile,22-23,F,MTL,83,84,83.0,84.0,83.0,84.0
Alex Debrincat,22-23,F,OTT,84,84,84.0,84.0,85.0,84.0
Alex Iafallo,22-23,F,L.A,82,84,82.0,83.0,83.0,84.0
Alex Wennberg,22-23,F,SEA,84,84,83.0,84.0,83.0,84.0
Alexis Lafrenière,22-23,F,NYR,84,84,83.0,83.0,84.0,84.0
Aliaksei Protas,22-23,F,WSH,83,84,83.0,84.0,83.0,85.0
Andre Burakovsky,22-23,F,SEA,85,84,84.0,84.0,85.0,84.0
Andrew Cogliano,22-23,F,COL,85,84,85.0,85.0,85.0,85.0
Andrew Mangiapane,22-23,F,CGY,84,84,84.0,84.0,85.0,84.0
Anthony Beauvillier,22-23,F,NYI/VAN,85,84,85.0,84.0,85.0,85.0
Anton Lundell,22-23,F,FLA,84,84,83.0,83.0,84.0,84.0
Artemi Panarin,22-23,F,NYR,83,84,83.0,83.0,83.0,84.0
Arthur Kaliyev,22-23,F,L.A,82,84,83.0,83.0,83.0,84.0
Artturi Lehkonen,22-23,F,COL,84,84,84.0,84.0,85.0,84.0
Barclay Goodrow,22-23,F,NYR,82,84,82.0,83.0,82.0,83.0
Barrett Hayton,22-23,F,ARI,84,84,84.0,84.0,84.0,84.0
Blake Coleman,22-23,F,CGY,84,84,83.0,84.0,84.0,84.0
Blake Lizotte,22-23,F,L.A,84,84,84.0,84.0,84.0,84.0
Boone Jenner,22-23,F,CBJ,84,84,83.0,83.0,84.0,84.0
Boris Katchouk,22-23,F,CHI,82,84,81.0,83.0,82.0,84.0
Brad Marchand,22-23,F,BOS,84,84,84.0,83.0,84.0,84.0
Brandon Saad,22-23,F,STL,84,84,84.0,84.0,84.0,84.0
Brayden Schenn,22-23,F,STL,84,84,83.0,83.0,84.0,84.0
Brendan Gallagher,22-23,F,MTL,83,84,83.0,84.0,83.0,84.0
Brett Howden,22-23,F,VGK,84,84,83.0,83.0,83.0,84.0
Brett Leason,22-23,F,ANA,83,84,83.0,84.0,83.0,84.0
Brett Ritchie,22-23,F,ARI/CGY,82,84,82.0,83.0,83.0,84.0
Brock Nelson,22-23,F,NYI,86,84,86.0,84.0,86.0,85.0
Bryan Rust,22-23,F,PIT,84,84,84.0,84.0,85.0,85.0
Calle Jarnkrok,22-23,F,TOR,84,84,84.0,84.0,84.0,85.0
Carl Grundstrom,22-23,F,L.A,83,84,83.0,83.0,83.0,84.0
Casey Mittelstadt,22-23,F,BUF,83,84,83.0,83.0,83.0,84.0
Charlie Coyle,22-23,F,BOS,82,84,83.0,83.0,83.0,84.0
Christian Fischer,22-23,F,ARI,84,84,84.0,84.0,85.0,85.0
Cole Caufield,22-23,F,MTL,84,84,84.0,84.0,85.0,84.0
Cole Guttman,22-23,F,CHI,82,84,82.0,83.0,82.0,83.0
Cole Smith,22-23,F,NSH,84,84,84.0,84.0,84.0,84.0
Colin Blackwell,22-23,F,CHI,84,84,84.0,84.0,84.0,84.0
Colin White (C),22-23,F,FLA,82,84,82.0,83.0,83.0,84.0
Colton Sissons,22-23,F,NSH,82,84,82.0,83.0,82.0,83.0
Connor Dewar,22-23,F,MIN,84,84,83.0,85.0,84.0,85.0
Conor Garland,22-23,F,VAN,84,84,84.0,84.0,84.0,84.0
Craig Smith,22-23,F,BOS/WSH,82,84,83.0,83.0,83.0,84.0
Curtis Lazar,22-23,F,N.J/VAN,83,84,83.0,84.0,83.0,84.0
Daniel Sprong,22-23,F,SEA,84,84,83.0,84.0,84.0,84.0
Danton Heinen,22-23,F,PIT,84,84,84.0,84.0,84.0,84.0
David Kampf,22-23,F,TOR,84,84,83.0,83.0,84.0,84.0
Dawson Mercer,22-23,F,N.J,84,84,83.0,83.0,84.0,84.0
Devin Shore,22-23,F,EDM,82,84,81.0,83.0,82.0,83.0
Drake Batherson,22-23,F,OTT,86,84,85.0,84.0,85.0,84.0
Dryden Hunt,22-23,F,COL/NYR/TOR,82,84,82.0,83.0,82.0,84.0
Dylan Guenther,22-23,F,ARI,84,84,83.0,84.0,83.0,84.0
Eetu Luostarinen,22-23,F,FLA,84,84,84.0,84.0,84.0,84.0
Elias Lindholm,22-23,F,CGY,86,84,85.0,84.0,85.0,84.0
Elias Pettersson,22-23,F,VAN,86,84,85.0,84.0,86.0,85.0
Elmer Soderblom,22-23,F,DET,84,84,84.0,84.0,84.0,84.0
Emil Bemstrom,22-23,F,CBJ,84,84,84.0,84.0,84.0,85.0
Erik Haula,22-23,F,N.J,84,84,83.0,83.0,84.0,84.0
Evan Rodrigues,22-23,F,COL,84,84,83.0,83.0,83.0,84.0
Evander Kane,22-23,F,EDM,84,84,84.0,85.0,85.0,85.0
Evgeny Dadonov,22-23,F,DAL/MTL,86,84,85.0,84.0,86.0,85.0
Fabian Zetterlund,22-23,F,N.J/S.J,84,84,83.0,84.0,83.0,84.0
Filip Forsberg,22-23,F,NSH,82,84,82.0,83.0,83.0,83.0
Frederick Gaudreau,22-23,F,MIN,84,84,84.0,83.0,84.0,84.0
Fredrik Olofsson,22-23,F,DAL,82,84,82.0,83.0,82.0,83.0
Garnet Hathaway,22-23,F,BOS/WSH,84,84,84.0,84.0,84.0,84.0
Gustav Nyquist,22-23,F,CBJ/MIN,82,84,82.0,83.0,82.0,83.0
Isac Lundestrom,22-23,F,ANA,84,84,84.0,84.0,84.0,85.0
Jack McBain,22-23,F,ARI,84,84,84.0,84.0,84.0,84.0
Jack Quinn,22-23,F,BUF,84,84,84.0,84.0,84.0,84.0
Jacob Peterson,22-23,F,DAL/S.J,83,84,83.0,83.0,83.0,84.0
Jake Debrusk,22-23,F,BOS,85,84,85.0,84.0,85.0,85.0
Jake Evans,22-23,F,MTL,84,84,84.0,84.0,84.0,84.0
Jake Neighbours,22-23,F,STL,82,84,82.0,83.0,82.0,84.0
Jakob Pelletier,22-23,F,CGY,85,84,85.0,84.0,85.0,85.0
Jakub Lauko,22-23,F,BOS,83,84,83.0,84.0,83.0,84.0
James Van Riemsdyk,22-23,F,PHI,82,84,81.0,83.0,82.0,83.0
Jansen Harkins,22-23,F,WPG,84,84,84.0,84.0,84.0,85.0
Jared McCann,22-23,F,SEA,84,84,83.0,84.0,84.0,84.0
Jason Dickinson,22-23,F,CHI,84,84,84.0,83.0,84.0,84.0
Jason Zucker,22-23,F,PIT,84,84,84.0,85.0,85.0,85.0
Jesperi Kotkaniemi,22-23,F,CAR,83,84,83.0,83.0,83.0,84.0
Jesse Puljujarvi,22-23,F,CAR/EDM,85,84,84.0,84.0,85.0,85.0
Jesse Ylonen,22-23,F,MTL,85,84,85.0,84.0,85.0,84.0
Joel Armia,22-23,F,MTL,82,84,83.0,83.0,83.0,84.0
Joel Eriksson Ek,22-23,F,MIN,86,84,85.0,84.0,85.0,84.0
Joel Kiviranta,22-23,F,DAL,84,84,83.0,83.0,84.0,84.0
John Tavares,22-23,F,TOR,84,84,83.0,84.0,84.0,84.0
Johnny Gaudreau,22-23,F,CBJ,85,84,85.0,85.0,85.0,85.0
Jonah Gadjovich,22-23,F,S.J,82,84,82.0,83.0,83.0,84.0
Jonathan Drouin,22-23,F,MTL,83,84,83.0,84.0,83.0,84.0
Jonathan Toews,22-23,F,CHI,82,84,81.0,83.0,81.0,83.0
Jordan Greenway,22-23,F,BUF/MIN,84,84,83.0,84.0,84.0,84.0
Jordan Staal,22-23,F,CAR,84,84,84.0,84.0,85.0,84.0
Juraj Slafkovsky,22-23,F,MTL,84,84,84.0,84.0,84.0,84.0
Juuso Parssinen,22-23,F,NSH,84,84,83.0,84.0,83.0,84.0
Kailer Yamamoto,22-23,F,EDM,84,84,84.0,84.0,84.0,84.0
Keegan Kolesar,22-23,F,VGK,84,84,84.0,84.0,85.0,85.0
Kevin Fiala,22-23,F,L.A,84,84,84.0,83.0,84.0,84.0
Kevin Stenlund,22-23,F,WPG,82,84,83.0,83.0,83.0,84.0
Kiefer Sherwood,22-23,F,NSH,84,84,84.0,84.0,84.0,84.0
Kirill Kaprizov,22-23,F,MIN,85,84,85.0,84.0,85.0,84.0
Kirill Marchenko,22-23,F,CBJ,84,84,85.0,84.0,85.0,84.0
Klim Kostin,22-23,F,EDM,83,84,83.0,84.0,84.0,85.0
Kyle Palmieri,22-23,F,NYI,84,84,83.0,84.0,83.0,84.0
Lane Pederson,22-23,F,CBJ/VAN,84,84,84.0,84.0,85.0,84.0
Lars Eller,22-23,F,COL/WSH,84,84,84.0,84.0,84.0,84.0
Laurent Dauphin,22-23,F,ARI,82,84,81.0,83.0,82.0,83.0
Lawson Crouse,22-23,F,ARI,83,84,83.0,84.0,83.0,84.0
Logan Brown,22-23,F,STL,82,84,83.0,83.0,83.0,84.0
Logan Couture,22-23,F,S.J,85,84,85.0,84.0,85.0,84.0
Lucas Raymond,22-23,F,DET,84,84,83.0,83.0,83.0,84.0
Mark Scheifele,22-23,F,WPG,85,84,85.0,84.0,85.0,84.0
Mason Shaw,22-23,F,MIN,83,84,83.0,83.0,83.0,84.0
Mathieu Olivier,22-23,F,CBJ,83,84,83.0,84.0,83.0,84.0
Matias MacCelli,22-23,F,ARI,84,84,83.0,84.0,84.0,84.0
Matt Boldy,22-23,F,MIN,82,84,83.0,83.0,83.0,84.0
Matt Duchene,22-23,F,NSH,84,84,84.0,84.0,84.0,84.0
Matt Nieto,22-23,F,COL/S.J,85,84,85.0,85.0,85.0,85.0
Matty Beniers,22-23,F,SEA,85,84,85.0,84.0,85.0,84.0
Max Domi,22-23,F,CHI/DAL,83,84,83.0,84.0,83.0,84.0
Michael Amadio,22-23,F,VGK,84,84,83.0,84.0,83.0,84.0
Michael Bunting,22-23,F,TOR,84,84,84.0,84.0,84.0,84.0
Michael Pezzetta,22-23,F,MTL,83,84,83.0,84.0,83.0,84.0
Michael Rasmussen,22-23,F,DET,84,84,84.0,84.0,85.0,85.0
Mike Hoffman,22-23,F,MTL,83,84,83.0,84.0,83.0,84.0
Mikko Rantanen,22-23,F,COL,84,84,84.0,84.0,84.0,84.0
Mitch Marner,22-23,F,TOR,84,84,84.0,84.0,85.0,84.0
Nathan Walker,22-23,F,STL,82,84,82.0,83.0,82.0,84.0
Nazem Kadri,22-23,F,CGY,84,84,84.0,83.0,84.0,84.0
Nick Bjugstad,22-23,F,ARI/EDM,86,84,85.0,84.0,86.0,85.0
Nick Cousins,22-23,F,FLA,82,84,81.0,83.0,82.0,83.0
Nick Paul,22-23,F,T.B,84,84,84.0,84.0,84.0,84.0
Nick Schmaltz,22-23,F,ARI,86,84,85.0,84.0,86.0,85.0
Nikita Alexandrov,22-23,F,STL,83,84,83.0,84.0,83.0,84.0
Nikita Kucherov,22-23,F,T.B,84,84,83.0,84.0,84.0,84.0
Nils Hoglander,22-23,F,VAN,84,84,83.0,84.0,84.0,84.0
Nino Niederreiter,22-23,F,NSH/WPG,83,84,83.0,83.0,83.0,84.0
Oliver Bjorkstrand,22-23,F,SEA,84,84,83.0,83.0,83.0,84.0
Patric Hornqvist,22-23,F,FLA,84,84,84.0,84.0,84.0,85.0
Patrick Brown,22-23,F,OTT/PHI,82,84,83.0,83.0,83.0,84.0
Patrik Laine,22-23,F,CBJ,86,84,86.0,85.0,86.0,85.0
Pavel Buchnevich,22-23,F,STL,83,84,83.0,83.0,83.0,84.0
Pavel Zacha,22-23,F,BOS,85,84,85.0,84.0,85.0,85.0
Peyton Krebs,22-23,F,BUF,84,84,84.0,84.0,85.0,84.0
Phil Kessel,22-23,F,VGK,84,84,83.0,84.0,84.0,84.0
Philip Tomasino,22-23,F,NSH,83,84,83.0,83.0,83.0,84.0
Philipp Kurashev,22-23,F,CHI,86,84,85.0,84.0,85.0,84.0
Pierre-Luc Dubois,22-23,F,WPG,85,84,85.0,84.0,85.0,85.0
Pontus Holmberg,22-23,F,TOR,83,84,83.0,84.0,83.0,84.0
Rasmus Asplund,22-23,F,BUF/NSH,84,84,84.0,84.0,84.0,84.0
Reese Johnson,22-23,F,CHI,84,84,83.0,84.0,84.0,84.0
Reilly Smith,22-23,F,VGK,84,84,84.0,83.0,84.0,84.0
Rickard Rakell,22-23,F,PIT,84,84,84.0,83.0,84.0,84.0
Robert Thomas,22-23,F,STL,85,84,85.0,84.0,85.0,84.0
Ross Colton,22-23,F,T.B,84,84,84.0,84.0,84.0,84.0
Ryan Carpenter,22-23,F,NYR,82,84,82.0,83.0,82.0,83.0
Ryan Donato,22-23,F,SEA,82,84,83.0,83.0,83.0,84.0
Ryan Hartman,22-23,F,MIN,82,84,82.0,83.0,82.0,83.0
Ryan Nugent-Hopkins,22-23,F,EDM,83,84,83.0,84.0,83.0,84.0
Ryan O'Reilly,22-23,F,STL/TOR,82,84,83.0,83.0,83.0,83.0
Sam Bennett,22-23,F,FLA,86,84,86.0,84.0,86.0,85.0
Sam Reinhart,22-23,F,FLA,84,84,84.0,83.0,85.0,84.0
Sam Steel,22-23,F,MIN,84,84,85.0,84.0,85.0,85.0
Scott Laughton,22-23,F,PHI,84,84,84.0,84.0,84.0,84.0
Sean Monahan,22-23,F,MTL,86,84,86.0,84.0,86.0,85.0
Sheldon Dries,22-23,F,VAN,84,84,84.0,84.0,84.0,84.0
Sidney Crosby,22-23,F,PIT,86,84,85.0,85.0,86.0,85.0
Simon Holmstrom,22-23,F,NYI,82,84,82.0,83.0,82.0,83.0
Steven Lorentz,22-23,F,S.J,84,84,84.0,84.0,84.0,84.0
T.J. Oshie,22-23,F,WSH,82,84,83.0,83.0,83.0,84.0
Tage Thompson,22-23,F,BUF,86,84,85.0,84.0,86.0,85.0
Tanner Laczynski,22-23,F,PHI,82,84,82.0,83.0,83.0,84.0
Taylor Raddysh,22-23,F,CHI,83,84,83.0,83.0,83.0,84.0
Teddy Blueger,22-23,F,PIT/VGK,84,84,83.0,84.0,84.0,84.0
Tom Wilson,22-23,F,WSH,85,84,85.0,84.0,85.0,85.0
Tomas Hertl,22-23,F,S.J,84,84,83.0,83.0,83.0,84.0
Tomas Nosek,22-23,F,BOS,82,84,82.0,83.0,82.0,83.0
Trent Frederic,22-23,F,BOS,84,84,83.0,84.0,84.0,84.0
Trevor Lewis,22-23,F,CGY,84,84,83.0,83.0,83.0,84.0
Trevor Moore,22-23,F,L.A,84,84,84.0,84.0,85.0,85.0
Trevor Zegras,22-23,F,ANA,84,84,83.0,83.0,84.0,84.0
Troy Terry,22-23,F,ANA,85,84,85.0,85.0,85.0,85.0
Ty Dellandrea,22-23,F,DAL,86,84,86.0,85.0,86.0,85.0
Tyler Johnson,22-23,F,CHI,82,84,82.0,84.0,83.0,84.0
Tyler Motte,22-23,F,NYR/OTT,83,84,83.0,84.0,83.0,84.0
Tyler Pitlick,22-23,F,STL,85,84,85.0,84.0,85.0,85.0
Vasily Podkolzin,22-23,F,VAN,84,84,84.0,84.0,85.0,84.0
Viktor Arvidsson,22-23,F,L.A,84,84,84.0,84.0,84.0,85.0
Vitali Kravtsov,22-23,F,NYR/VAN,82,84,82.0,83.0,83.0,84.0
Vladimir Tarasenko,22-23,F,NYR/STL,82,84,82.0,83.0,83.0,84.0
Vladislav Namestnikov,22-23,F,T.B/WPG,82,84,83.0,84.0,83.0,84.0
Wade Allison,22-23,F,PHI,84,84,83.0,84.0,84.0,84.0
Warren Foegele,22-23,F,EDM,84,84,84.0,84.0,84.0,84.0
William Nylander,22-23,F,TOR,84,84,84.0,84.0,84.0,85.0
Yakov Trenin,22-23,F,NSH,84,84,84.0,84.0,84.0,84.0
Yanni Gourde,22-23,F,SEA,86,84,85.0,84.0,85.0,84.0
Yegor Sharangovich,22-23,F,N.J,83,84,83.0,83.0,83.0,84.0
Zach Parise,22-23,F,NYI,84,84,84.0,84.0,84.0,84.0
Zach Sanford,22-23,F,NSH,82,84,82.0,83.0,83.0,83.0
Zemgus Girgensons,22-23,F,BUF,85,84,85.0,84.0,85.0,85.0
Adam Lowry,23-24,F,WPG,85,84,85.0,84.0,85.0,85.0
Adam Ruzicka,23-24,F,ARI/CGY,83,84,83.0,83.0,83.0,84.0
Alex Barabanov,23-24,F,S.J,83,84,83.0,83.0,84.0,84.0
Alex Debrincat,23-24,F,DET,84,84,84.0,83.0,84.0,84.0
Alex Holtz,23-24,F,N.J,84,84,84.0,84.0,84.0,84.0
Alex Iafallo,23-24,F,WPG,82,84,82.0,83.0,82.0,84.0
Alex Killorn,23-24,F,ANA,82,84,82.0,83.0,83.0,84.0
Alex Nylander,23-24,F,CBJ/PIT,83,84,83.0,84.0,83.0,84.0
Alex Texier,23-24,F,CBJ,84,84,84.0,84.0,84.0,84.0
Alex Tuch,23-24,F,BUF,85,84,85.0,84.0,86.0,85.0
Alex Wennberg,23-24,F,NYR/SEA,82,84,82.0,83.0,83.0,84.0
Alexis Lafrenière,23-24,F,NYR,86,84,85.0,84.0,86.0,85.0
Andre Burakovsky,23-24,F,SEA,86,84,85.0,84.0,85.0,85.0
Andrei Svechnikov,23-24,F,CAR,84,84,84.0,84.0,84.0,84.0
Andrew Cogliano,23-24,F,COL,85,84,85.0,84.0,85.0,85.0
Andrew Copp,23-24,F,DET,82,84,82.0,83.0,83.0,84.0
Andrew Mangiapane,23-24,F,CGY,84,84,84.0,84.0,85.0,84.0
Anthony Beauvillier,23-24,F,CHI/NSH/VAN,86,84,85.0,85.0,86.0,85.0
Anton Lundell,23-24,F,FLA,83,84,83.0,83.0,84.0,84.0
Anze Kopitar,23-24,F,L.A,83,84,83.0,83.0,84.0,84.0
Artemi Panarin,23-24,F,NYR,82,84,83.0,83.0,83.0,84.0
Artturi Lehkonen,23-24,F,COL,84,84,83.0,84.0,84.0,84.0
Auston Matthews,23-24,F,TOR,86,84,85.0,84.0,85.0,84.0
Barclay Goodrow,23-24,F,NYR,82,84,82.0,83.0,82.0,83.0
Barrett Hayton,23-24,F,ARI,84,84,84.0,84.0,84.0,84.0
Ben Meyers,23-24,F,ANA/COL,84,84,83.0,84.0,84.0,84.0
Benoit-Olivier Groulx,23-24,F,ANA,84,84,84.0,84.0,84.0,85.0
Blake Coleman,23-24,F,CGY,84,84,84.0,84.0,84.0,84.0
Blake Lizotte,23-24,F,L.A,84,84,84.0,84.0,84.0,85.0
Blake Wheeler,23-24,F,NYR,84,84,83.0,84.0,84.0,85.0
Bobby Brink,23-24,F,PHI,82,84,83.0,84.0,83.0,84.0
Boone Jenner,23-24,F,CBJ,84,84,84.0,84.0,85.0,84.0
Boris Katchouk,23-24,F,CHI/OTT,82,84,82.0,83.0,82.0,84.0
Brad Marchand,23-24,F,BOS,84,84,84.0,83.0,84.0,84.0
Brandon Saad,23-24,F,STL,84,84,84.0,84.0,85.0,85.0
Brayden Schenn,23-24,F,STL,84,84,84.0,84.0,84.0,84.0
Brendan Gallagher,23-24,F,MTL,83,84,83.0,83.0,83.0,84.0
Brendan Gaunce,23-24,F,CBJ,82,84,82.0,83.0,82.0,84.0
Brett Howden,23-24,F,VGK,84,84,83.0,84.0,84.0,84.0
Brett Leason,23-24,F,ANA,84,84,84.0,84.0,84.0,85.0
Brock McGinn,23-24,F,ANA,84,84,84.0,84.0,85.0,85.0
Calle Jarnkrok,23-24,F,TOR,84,84,83.0,83.0,83.0,84.0
Cam Atkinson,23-24,F,PHI,82,84,82.0,83.0,82.0,83.0
Carl Grundstrom,23-24,F,L.A,84,84,84.0,84.0,85.0,85.0
Casey Mittelstadt,23-24,F,BUF/COL,82,84,83.0,83.0,83.0,84.0
Charlie Coyle,23-24,F,BOS,84,84,83.0,83.0,83.0,84.0
Christian Dvorak,23-24,F,MTL,84,84,84.0,84.0,85.0,85.0
Christian Fischer,23-24,F,DET,84,84,83.0,83.0,83.0,84.0
Claude Giroux,23-24,F,OTT,84,84,83.0,84.0,83.0,84.0
Clayton Keller,23-24,F,ARI,84,84,83.0,84.0,84.0,84.0
Cole Caufield,23-24,F,MTL,84,84,84.0,84.0,84.0,84.0
Cole Sillinger,23-24,F,CBJ,84,84,83.0,83.0,84.0,84.0
Colin Blackwell,23-24,F,CHI,83,84,83.0,83.0,83.0,84.0
Colin White (C),23-24,F,MTL/PIT,82,84,82.0,83.0,83.0,84.0
Colton Sissons,23-24,F,NSH,84,84,83.0,84.0,83.0,84.0
Connor Bedard,23-24,F,CHI,86,84,85.0,84.0,86.0,84.0
Connor Dewar,23-24,F,MIN/TOR,83,84,83.0,83.0,83.0,84.0
Conor Garland,23-24,F,VAN,85,84,85.0,84.0,85.0,84.0
Conor Sheary,23-24,F,T.B,84,84,83.0,84.0,84.0,84.0
Craig Smith,23-24,F,DAL,84,84,83.0,84.0,83.0,84.0
Curtis Lazar,23-24,F,N.J,84,84,83.0,84.0,84.0,84.0
Dakota Joshua,23-24,F,VAN,82,84,82.0,83.0,82.0,84.0
Daniel Sprong,23-24,F,DET,84,84,83.0,84.0,84.0,84.0
David Gustafsson,23-24,F,WPG,84,84,84.0,84.0,84.0,85.0
David Kampf,23-24,F,TOR,84,84,84.0,84.0,84.0,84.0
Dawson Mercer,23-24,F,N.J,84,84,84.0,84.0,85.0,85.0
Dillon Dube,23-24,F,CGY,85,84,85.0,84.0,86.0,85.0
Dylan Guenther,23-24,F,ARI,85,84,85.0,85.0,85.0,85.0
Eeli Tolvanen,23-24,F,SEA,82,84,83.0,83.0,83.0,84.0
Eetu Luostarinen,23-24,F,FLA,83,84,83.0,83.0,84.0,84.0
Elias Lindholm,23-24,F,CGY/VAN,85,84,85.0,84.0,85.0,84.0
Elias Pettersson,23-24,F,VAN,84,84,84.0,84.0,85.0,85.0
Eric Robinson,23-24,F,BUF/CBJ,84,84,84.0,84.0,85.0,85.0
Erik Haula,23-24,F,N.J,84,84,83.0,83.0,84.0,84.0
Evan Rodrigues,23-24,F,FLA,84,84,83.0,84.0,84.0,84.0
Filip Zadina,23-24,F,S.J,84,84,83.0,84.0,84.0,84.0
Garnet Hathaway,23-24,F,PHI,84,84,84.0,84.0,84.0,84.0
Givani Smith,23-24,F,S.J,82,84,81.0,83.0,82.0,83.0
Isac Lundestrom,23-24,F,ANA,84,84,84.0,84.0,84.0,85.0
J.T. Compher,23-24,F,DET,84,84,84.0,84.0,85.0,85.0
Jack Drury,23-24,F,CAR,82,84,82.0,83.0,82.0,83.0
Jack Quinn,23-24,F,BUF,84,84,84.0,84.0,84.0,84.0
Jaden Schwartz,23-24,F,SEA,82,84,82.0,83.0,83.0,84.0
Jake Debrusk,23-24,F,BOS,85,84,85.0,84.0,85.0,85.0
Jake Evans,23-24,F,MTL,84,84,84.0,84.0,85.0,85.0
Jake Neighbours,23-24,F,STL,82,84,82.0,83.0,82.0,84.0
Jakub Lauko,23-24,F,BOS,82,84,82.0,84.0,83.0,84.0
James Hamblin,23-24,F,EDM,84,84,83.0,85.0,84.0,85.0
Jared McCann,23-24,F,SEA,84,84,84.0,84.0,84.0,84.0
Jason Dickinson,23-24,F,CHI,84,84,84.0,84.0,85.0,85.0
Jean-Gabriel Pageau,23-24,F,NYI,85,84,85.0,84.0,85.0,85.0
Jeff Carter,23-24,F,PIT,84,84,83.0,84.0,84.0,85.0
Jesse Ylonen,23-24,F,MTL,84,84,84.0,84.0,84.0,84.0
Jimmy Vesey,23-24,F,NYR,82,84,82.0,83.0,82.0,84.0
Joel Eriksson Ek,23-24,F,MIN,84,84,84.0,83.0,84.0,84.0
Joel Kiviranta,23-24,F,COL,84,84,83.0,83.0,84.0,84.0
John Tavares,23-24,F,TOR,84,84,84.0,84.0,84.0,84.0
Jonah Gadjovich,23-24,F,FLA,82,84,82.0,83.0,82.0,84.0
Jonas Rondbjerg,23-24,F,VGK,84,84,83.0,83.0,84.0,84.0
Jordan Eberle,23-24,F,SEA,84,84,83.0,83.0,84.0,84.0
Jordan Greenway,23-24,F,BUF,82,84,82.0,83.0,82.0,83.0
Jordan Staal,23-24,F,CAR,84,84,84.0,84.0,85.0,84.0
Juraj Slafkovsky,23-24,F,MTL,83,84,83.0,83.0,83.0,84.0
Juuso Parssinen,23-24,F,NSH,84,84,84.0,84.0,84.0,84.0
Kailer Yamamoto,23-24,F,SEA,84,84,83.0,83.0,84.0,84.0
Keegan Kolesar,23-24,F,VGK,84,84,84.0,84.0,84.0,85.0
Kevin Fiala,23-24,F,L.A,84,84,83.0,83.0,84.0,84.0
Kiefer Sherwood,23-24,F,NSH,84,84,84.0,84.0,84.0,84.0
Kirill Kaprizov,23-24,F,MIN,85,84,85.0,84.0,85.0,85.0
Kirill Marchenko,23-24,F,CBJ,86,84,86.0,85.0,87.0,85.0
Kyle Okposo,23-24,F,BUF/FLA,82,84,82.0,83.0,82.0,84.0
Lars Eller,23-24,F,PIT,84,84,84.0,84.0,85.0,84.0
Leo Carlsson,23-24,F,ANA,86,84,86.0,85.0,86.0,85.0
Logan Stankoven,23-24,F,DAL,84,84,84.0,84.0,84.0,84.0
Lucas Raymond,23-24,F,DET,84,84,84.0,84.0,85.0,84.0
Mackenzie Entwistle,23-24,F,CHI,82,84,82.0,83.0,82.0,83.0
Marat Khusnutdinov,23-24,F,MIN,84,84,84.0,84.0,84.0,84.0
Mark Kastelic,23-24,F,OTT,84,84,84.0,85.0,85.0,85.0
Mark Scheifele,23-24,F,WPG,86,84,85.0,84.0,86.0,84.0
Mason Appleton,23-24,F,WPG,84,84,84.0,84.0,85.0,84.0
Matias MacCelli,23-24,F,ARI,84,84,83.0,84.0,84.0,84.0
Matt Boldy,23-24,F,MIN,84,84,83.0,83.0,84.0,84.0
Matt Coronato,23-24,F,CGY,84,84,83.0,84.0,83.0,84.0
Matt Nieto,23-24,F,PIT,84,84,83.0,84.0,84.0,84.0
Matthew Knies,23-24,F,TOR,84,84,83.0,84.0,83.0,84.0
Matthew Phillips,23-24,F,PIT/WSH,83,84,83.0,84.0,83.0,84.0
Matthew Poitras,23-24,F,BOS,82,84,81.0,83.0,82.0,83.0
Mattias Janmark,23-24,F,EDM,83,84,83.0,84.0,83.0,85.0
Matty Beniers,23-24,F,SEA,86,84,86.0,84.0,87.0,85.0
Max Domi,23-24,F,TOR,84,84,83.0,84.0,84.0,85.0
Michael Amadio,23-24,F,VGK,84,84,83.0,84.0,84.0,84.0
Michael Rasmussen,23-24,F,DET,84,84,83.0,84.0,84.0,84.0
Michael Sgarbossa,23-24,F,WSH,84,84,83.0,84.0,83.0,84.0
Mikael Backlund,23-24,F,CGY,86,84,86.0,84.0,86.0,85.0
Mikael Granlund,23-24,F,S.J,82,84,82.0,83.0,83.0,84.0
Mikael Pyyhtia,23-24,F,CBJ,84,84,84.0,84.0,84.0,84.0
Mike Hoffman,23-24,F,S.J,82,84,83.0,83.0,83.0,84.0
Mikko Rantanen,23-24,F,COL,84,84,84.0,84.0,84.0,84.0
Mitchell Chaffee,23-24,F,T.B,84,84,83.0,84.0,84.0,84.0
Morgan Geekie,23-24,F,BOS,82,84,82.0,83.0,82.0,83.0
Nathan Walker,23-24,F,STL,83,84,83.0,83.0,83.0,84.0
Nazem Kadri,23-24,F,CGY,84,84,84.0,83.0,84.0,84.0
Nick Bjugstad,23-24,F,ARI,85,84,85.0,84.0,85.0,85.0
Nick Paul,23-24,F,T.B,84,84,83.0,84.0,84.0,84.0
Nick Schmaltz,23-24,F,ARI,85,84,85.0,84.0,85.0,84.0
Nils Aman,23-24,F,VAN,84,84,84.0,83.0,84.0,84.0
Nils Hoglander,23-24,F,VAN,83,84,83.0,84.0,83.0,84.0
Nino Niederreiter,23-24,F,WPG,84,84,83.0,83.0,84.0,84.0
Noah Cates,23-24,F,PHI,82,84,82.0,83.0,82.0,83.0
Ondrej Palat,23-24,F,N.J,82,84,82.0,83.0,82.0,83.0
Oskar Steen,23-24,F,BOS,82,84,83.0,83.0,83.0,84.0
Parker Kelly,23-24,F,OTT,84,84,83.0,83.0,84.0,84.0
Patrick Kane,23-24,F,DET,84,84,84.0,84.0,84.0,84.0
Pavel Buchnevich,23-24,F,STL,84,84,83.0,83.0,84.0,84.0
Pavel Zacha,23-24,F,BOS,84,84,84.0,84.0,85.0,84.0
Peyton Krebs,23-24,F,BUF,84,84,83.0,83.0,84.0,84.0
Phillip Danault,23-24,F,L.A,83,84,83.0,83.0,84.0,84.0
Phillip Di Giuseppe,23-24,F,VAN,82,84,83.0,83.0,83.0,84.0
Pierre-Edouard Bellemare,23-24,F,SEA,82,84,82.0,83.0,82.0,84.0
Pierre-Luc Dubois,23-24,F,L.A,85,84,85.0,84.0,85.0,85.0
Reese Johnson,23-24,F,CHI,83,84,83.0,84.0,83.0,84.0
Reilly Smith,23-24,F,PIT,84,84,84.0,83.0,84.0,84.0
Rickard Rakell,23-24,F,PIT,85,84,85.0,84.0,85.0,84.0
Ridly Greig,23-24,F,OTT,82,84,83.0,83.0,83.0,84.0
Robert Thomas,23-24,F,STL,84,84,84.0,83.0,85.0,84.0
Rourke Chartier,23-24,F,OTT,83,84,83.0,84.0,83.0,84.0
Ryan Johansen,23-24,F,COL,82,84,82.0,83.0,82.0,83.0
Ryan Lomberg,23-24,F,FLA,83,84,83.0,84.0,83.0,85.0
Ryan Nugent-Hopkins,23-24,F,EDM,84,84,83.0,84.0,84.0,84.0
Sam Bennett,23-24,F,FLA,86,84,85.0,84.0,86.0,85.0
Sam Carrick,23-24,F,ANA/EDM,82,84,82.0,83.0,83.0,83.0
Sam Steel,23-24,F,DAL,84,84,84.0,84.0,85.0,84.0
Scott Laughton,23-24,F,PHI,84,84,83.0,84.0,84.0,84.0
Sean Kuraly,23-24,F,CBJ,84,84,84.0,84.0,84.0,85.0
Sean Monahan,23-24,F,MTL/WPG,85,84,85.0,84.0,86.0,84.0
Shane Pinto,23-24,F,OTT,84,84,84.0,84.0,84.0,84.0
Simon Holmstrom,23-24,F,NYI,82,84,83.0,83.0,83.0,84.0
Steven Stamkos,23-24,F,T.B,84,84,84.0,84.0,84.0,84.0
T.J. Oshie,23-24,F,WSH,84,84,84.0,84.0,84.0,85.0
Tage Thompson,23-24,F,BUF,86,84,85.0,84.0,86.0,85.0
Tanner Jeannot,23-24,F,T.B,84,84,84.0,84.0,84.0,84.0
Tanner Pearson,23-24,F,MTL,84,84,83.0,84.0,83.0,84.0
Teddy Blueger,23-24,F,VAN,84,84,83.0,84.0,84.0,84.0
Thomas Bordeleau,23-24,F,S.J,82,84,82.0,83.0,83.0,84.0
Thomas Novak,23-24,F,NSH,84,84,83.0,83.0,84.0,84.0
Timo Meier,23-24,F,N.J,86,84,85.0,84.0,86.0,85.0
Tomas Nosek,23-24,F,N.J,82,84,81.0,83.0,82.0,83.0
Travis Konecny,23-24,F,PHI,85,84,85.0,85.0,85.0,85.0
Trent Frederic,23-24,F,BOS,84,84,83.0,84.0,84.0,84.0
Trevor Lewis,23-24,F,L.A,84,84,83.0,83.0,83.0,84.0
Troy Terry,23-24,F,ANA,85,84,85.0,84.0,85.0,85.0
Ty Dellandrea,23-24,F,DAL,85,84,85.0,84.0,85.0,84.0
Tye Kartye,23-24,F,SEA,84,84,84.0,83.0,84.0,84.0
Tyler Pitlick,23-24,F,NYR,84,84,84.0,84.0,85.0,84.0
Tyler Seguin,23-24,F,DAL,83,84,83.0,83.0,83.0,83.0
Valtteri Puustinen,23-24,F,PIT,85,84,85.0,85.0,85.0,85.0
Vasily Podkolzin,23-24,F,VAN,84,84,84.0,84.0,85.0,84.0
Viktor Arvidsson,23-24,F,L.A,84,84,83.0,85.0,84.0,85.0
Vinni Lettieri,23-24,F,MIN,84,84,83.0,84.0,84.0,85.0
Vladimir Tarasenko,23-24,F,FLA/OTT,82,84,82.0,83.0,83.0,84.0
Vladislav Namestnikov,23-24,F,WPG,84,84,83.0,84.0,84.0,85.0
Warren Foegele,23-24,F,EDM,84,84,84.0,84.0,84.0,85.0
Will Cuylle,23-24,F,NYR,84,84,83.0,84.0,84.0,84.0
William Eklund,23-24,F,S.J,84,84,84.0,83.0,84.0,84.0
William Nylander,23-24,F,TOR,84,84,84.0,84.0,85.0,85.0
Wyatt Johnston,23-24,F,DAL,84,84,84.0,83.0,84.0,84.0
Yakov Trenin,23-24,F,COL/NSH,85,84,84.0,84.0,85.0,84.0
Yegor Sharangovich,23-24,F,CGY,84,84,84.0,84.0,84.0,84.0
Zach Hyman,23-24,F,EDM,84,84,84.0,84.0,85.0,85.0
Zach Parise,23-24,F,COL,84,84,83.0,83.0,84.0,84.0
Zachary Bolduc,23-24,F,STL,85,84,85.0,85.0,85.0,85.0
Zemgus Girgensons,23-24,F,BUF,85,84,85.0,84.0,85.0,85.0
David Pastrnak,23-24,F,BOS,85,84,85.0,84.0,85.0,85.0
Adam Henrique,24-25,F,EDM,82,84,83.0,84.0,83.0,84.0
Adam Klapka,24-25,F,CGY,82,84,82.0,83.0,83.0,84.0
Adam Lowry,24-25,F,WPG,86,84,86.0,84.0,86.0,85.0
Akil Thomas,24-25,F,L.A,82,84,83.0,83.0,83.0,84.0
Aleksander Barkov,24-25,F,FLA,86,84,86.0,84.0,87.0,85.0
Alex Debrincat,24-25,F,DET,84,84,84.0,84.0,85.0,84.0
Alex Iafallo,24-25,F,WPG,82,84,82.0,83.0,82.0,84.0
Alex Turcotte,24-25,F,L.A,86,84,85.0,85.0,85.0,85.0
Alex Wennberg,24-25,F,S.J,84,84,83.0,84.0,84.0,84.0
Alexis Lafrenière,24-25,F,NYR,84,84,84.0,84.0,85.0,84.0
Anders Lee,24-25,F,NYI,84,84,83.0,84.0,84.0,84.0
Andre Burakovsky,24-25,F,SEA,86,84,85.0,84.0,86.0,85.0
Andrei Svechnikov,24-25,F,CAR,84,84,84.0,84.0,85.0,85.0
Andrew Copp,24-25,F,DET,82,84,82.0,83.0,83.0,84.0
Andrew Mangiapane,24-25,F,WSH,84,84,84.0,84.0,84.0,84.0
Anthony Beauvillier,24-25,F,PIT/WSH,86,84,85.0,84.0,86.0,85.0
Anthony Duclair,24-25,F,NYI,84,84,83.0,84.0,84.0,85.0
Anton Lundell,24-25,F,FLA,83,84,83.0,83.0,83.0,84.0
Artemi Panarin,24-25,F,NYR,83,84,83.0,83.0,83.0,83.0
Artturi Lehkonen,24-25,F,COL,84,84,84.0,83.0,84.0,84.0
Auston Matthews,24-25,F,TOR,85,84,85.0,84.0,85.0,85.0
Barrett Hayton,24-25,F,UTA,86,84,86.0,85.0,86.0,85.0
Ben Jones,24-25,F,MIN,82,84,81.0,83.0,82.0,83.0
Blake Coleman,24-25,F,CGY,84,84,83.0,84.0,84.0,84.0
Bobby Brink,24-25,F,PHI,84,84,84.0,84.0,85.0,84.0
Boone Jenner,24-25,F,CBJ,84,84,83.0,83.0,84.0,84.0
Brad Marchand,24-25,F,BOS/FLA,84,84,84.0,84.0,84.0,84.0
Brandon Saad,24-25,F,STL/VGK,84,84,84.0,84.0,85.0,84.0
Brayden Schenn,24-25,F,STL,84,84,84.0,83.0,85.0,84.0
Brendan Gallagher,24-25,F,MTL,84,84,83.0,84.0,84.0,84.0
Carl Grundstrom,24-25,F,S.J,84,84,84.0,84.0,85.0,85.0
Casey Mittelstadt,24-25,F,BOS/COL,84,84,84.0,84.0,85.0,84.0
Charlie Coyle,24-25,F,BOS/COL,84,84,84.0,84.0,84.0,84.0
Christian Fischer,24-25,F,CBJ/DET,84,84,83.0,84.0,84.0,84.0
Claude Giroux,24-25,F,OTT,82,84,82.0,83.0,83.0,84.0
Clayton Keller,24-25,F,UTA,84,84,84.0,83.0,85.0,84.0
Cody Glass,24-25,F,N.J/PIT,84,84,84.0,84.0,85.0,84.0
Cole Caufield,24-25,F,MTL,84,84,84.0,84.0,85.0,84.0
Cole Schwindt,24-25,F,VGK,82,84,82.0,83.0,82.0,83.0
Cole Sillinger,24-25,F,CBJ,84,84,83.0,83.0,84.0,84.0
Colin Blackwell,24-25,F,DAL,84,84,83.0,83.0,83.0,84.0
Colton Sissons,24-25,F,NSH,84,84,84.0,84.0,85.0,84.0
Connor Bedard,24-25,F,CHI,86,84,85.0,84.0,86.0,84.0
Connor Dewar,24-25,F,PIT/TOR,83,84,83.0,83.0,83.0,84.0
Connor Zary,24-25,F,CGY,84,84,84.0,83.0,84.0,84.0
Conor Garland,24-25,F,VAN,86,84,86.0,84.0,86.0,85.0
Craig Smith,24-25,F,CHI/DET,84,84,83.0,83.0,83.0,84.0
Curtis Lazar,24-25,F,N.J,84,84,83.0,84.0,84.0,84.0
Daniel Sprong,24-25,F,N.J/SEA/VAN,84,84,84.0,84.0,84.0,85.0
David Gustafsson,24-25,F,WPG,84,84,83.0,84.0,84.0,84.0
David Kampf,24-25,F,TOR,84,84,84.0,84.0,85.0,84.0
David Pastrnak,24-25,F,BOS,84,84,84.0,84.0,85.0,85.0
Dmitri Voronkov,24-25,F,CBJ,82,84,82.0,83.0,82.0,83.0
Eetu Luostarinen,24-25,F,FLA,84,84,83.0,83.0,84.0,84.0
Elias Pettersson,24-25,F,VAN,84,84,84.0,84.0,85.0,84.0
Elmer Soderblom,24-25,F,DET,85,84,85.0,84.0,85.0,85.0
Erik Haula,24-25,F,N.J,84,84,84.0,84.0,85.0,85.0
Evan Rodrigues,24-25,F,FLA,84,84,84.0,84.0,84.0,84.0
Evgeni Malkin,24-25,F,PIT,84,84,83.0,83.0,84.0,84.0
Evgeny Dadonov,24-25,F,DAL,86,84,86.0,84.0,86.0,85.0
Fabian Zetterlund,24-25,F,OTT/S.J,86,84,85.0,84.0,86.0,85.0
Filip Forsberg,24-25,F,NSH,83,84,83.0,83.0,83.0,84.0
Fraser Minten,24-25,F,BOS/TOR,84,84,85.0,84.0,85.0,84.0
Frederick Gaudreau,24-25,F,MIN,84,84,84.0,84.0,85.0,84.0
Gage Goncalves,24-25,F,T.B,82,84,82.0,83.0,83.0,84.0
Garnet Hathaway,24-25,F,PHI,84,84,84.0,84.0,84.0,84.0
Ivan Barbashev,24-25,F,VGK,82,84,82.0,83.0,82.0,83.0
J.T. Compher,24-25,F,DET,84,84,84.0,84.0,84.0,84.0
Jack Drury,24-25,F,CAR/COL,82,84,82.0,83.0,82.0,84.0
Jack McBain,24-25,F,UTA,83,84,83.0,83.0,84.0,84.0
Jack Roslovic,24-25,F,CAR,85,84,85.0,84.0,86.0,85.0
Jake Debrusk,24-25,F,VAN,86,84,85.0,84.0,86.0,85.0
Jake Evans,24-25,F,MTL,85,84,85.0,85.0,86.0,85.0
Jake Guentzel,24-25,F,T.B,85,84,85.0,84.0,86.0,85.0
Jakub Lauko,24-25,F,BOS/MIN,82,84,82.0,84.0,83.0,84.0
Jared McCann,24-25,F,SEA,84,84,84.0,84.0,84.0,84.0
Jason Dickinson,24-25,F,CHI,84,84,84.0,84.0,85.0,84.0
Jason Zucker,24-25,F,BUF,82,84,82.0,83.0,82.0,84.0
Jean-Gabriel Pageau,24-25,F,NYI,84,84,84.0,84.0,84.0,84.0
Jesperi Kotkaniemi,24-25,F,CAR,84,84,84.0,84.0,84.0,84.0
Joe Veleno,24-25,F,CHI/DET,84,84,84.0,84.0,85.0,85.0
Joel Eriksson Ek,24-25,F,MIN,84,84,84.0,84.0,85.0,84.0
Joel Kiviranta,24-25,F,COL,84,84,84.0,83.0,84.0,84.0
John Tavares,24-25,F,TOR,84,84,84.0,84.0,85.0,84.0
Jonathan Drouin,24-25,F,COL,84,84,84.0,84.0,84.0,85.0
Jonny Brodzinski,24-25,F,NYR,84,84,84.0,84.0,85.0,85.0
Jordan Greenway,24-25,F,BUF,82,84,82.0,83.0,82.0,83.0
Jordan Martinook,24-25,F,CAR,84,84,83.0,84.0,84.0,85.0
Jordan Staal,24-25,F,CAR,84,84,84.0,84.0,85.0,84.0
Josh Doan,24-25,F,UTA,84,84,85.0,84.0,85.0,84.0
Juraj Slafkovsky,24-25,F,MTL,83,84,83.0,83.0,83.0,84.0
Justin Dowling,24-25,F,N.J,84,84,84.0,84.0,85.0,84.0
Kevin Fiala,24-25,F,L.A,84,84,84.0,84.0,84.0,84.0
Kevin Rooney,24-25,F,CGY,84,84,84.0,83.0,85.0,84.0
Kiefer Sherwood,24-25,F,VAN,84,84,84.0,84.0,85.0,85.0
Kirill Kaprizov,24-25,F,MIN,85,84,85.0,84.0,85.0,84.0
Kyle Palmieri,24-25,F,NYI,84,84,83.0,83.0,84.0,84.0
Lars Eller,24-25,F,PIT/WSH,84,84,85.0,84.0,85.0,85.0
Lawson Crouse,24-25,F,UTA,84,84,83.0,84.0,84.0,84.0
Liam O'Brien,24-25,F,UTA,82,84,82.0,83.0,83.0,84.0
Liam Ohgren,24-25,F,MIN,84,84,84.0,84.0,84.0,84.0
Logan Stankoven,24-25,F,CAR/DAL,84,84,84.0,84.0,85.0,84.0
Luke Kunin,24-25,F,CBJ/S.J,83,84,83.0,84.0,83.0,84.0
Marat Khusnutdinov,24-25,F,BOS/MIN,84,84,84.0,84.0,84.0,84.0
Marco Rossi,24-25,F,MIN,84,84,83.0,83.0,84.0,84.0
Marcus Foligno,24-25,F,MIN,82,84,81.0,83.0,82.0,83.0
Mark Scheifele,24-25,F,WPG,84,84,85.0,84.0,85.0,84.0
Matias MacCelli,24-25,F,UTA,83,84,83.0,83.0,83.0,84.0
Matt Boldy,24-25,F,MIN,84,84,84.0,84.0,85.0,85.0
Matt Coronato,24-25,F,CGY,85,84,84.0,84.0,85.0,85.0
Matt Duchene,24-25,F,DAL,86,84,85.0,84.0,86.0,85.0
Matt Nieto,24-25,F,PIT,83,84,83.0,84.0,84.0,84.0
Matthew Highmore,24-25,F,OTT,82,84,82.0,83.0,83.0,84.0
Matthew Knies,24-25,F,TOR,84,84,84.0,84.0,84.0,84.0
Matty Beniers,24-25,F,SEA,86,84,86.0,84.0,86.0,85.0
Mavrik Bourque,24-25,F,DAL,85,84,85.0,84.0,85.0,84.0
Max Pacioretty,24-25,F,TOR,82,84,82.0,83.0,83.0,84.0
Maxim Tsyplakov,24-25,F,NYI,83,84,83.0,84.0,83.0,84.0
Michael Amadio,24-25,F,OTT,84,84,84.0,84.0,84.0,84.0
Michael Bunting,24-25,F,NSH/PIT,84,84,83.0,83.0,84.0,84.0
Michael McCarron,24-25,F,NSH,84,84,83.0,83.0,84.0,84.0
Michael Rasmussen,24-25,F,DET,84,84,84.0,84.0,85.0,85.0
Mikael Backlund,24-25,F,CGY,86,84,86.0,84.0,86.0,85.0
Mikael Granlund,24-25,F,DAL/S.J,84,84,83.0,83.0,84.0,84.0
Mikael Pyyhtia,24-25,F,CBJ,84,84,84.0,84.0,84.0,84.0
Mikko Rantanen,24-25,F,CAR/COL/DAL,84,84,83.0,83.0,84.0,84.0
Mitch Marner,24-25,F,TOR,84,84,83.0,83.0,84.0,84.0
Mitchell Chaffee,24-25,F,T.B,84,84,83.0,84.0,84.0,84.0
Mitchell Stephens,24-25,F,SEA,83,84,83.0,84.0,83.0,85.0
Morgan Geekie,24-25,F,BOS,82,84,82.0,83.0,83.0,84.0
Nathan Walker,24-25,F,STL,82,84,82.0,83.0,83.0,84.0
Nazem Kadri,24-25,F,CGY,84,84,84.0,83.0,84.0,84.0
Nic Dowd,24-25,F,WSH,84,84,84.0,83.0,84.0,84.0
Nicholas Robertson,24-25,F,TOR,84,84,84.0,84.0,85.0,84.0
Nick Bjugstad,24-25,F,UTA,84,84,84.0,84.0,85.0,84.0
Nick Paul,24-25,F,T.B,84,84,84.0,84.0,84.0,84.0
Nick Schmaltz,24-25,F,UTA,86,84,85.0,84.0,86.0,85.0
Nico Sturm,24-25,F,FLA/S.J,84,84,84.0,84.0,85.0,85.0
Nikita Kucherov,24-25,F,T.B,85,84,84.0,84.0,85.0,84.0
Nikolai Kovalenko,24-25,F,COL/S.J,84,84,83.0,84.0,84.0,84.0
Nils Hoglander,24-25,F,VAN,84,84,83.0,84.0,84.0,84.0
Nino Niederreiter,24-25,F,WPG,84,84,84.0,84.0,85.0,84.0
Noah Cates,24-25,F,PHI,83,84,82.0,83.0,83.0,83.0
Ondrej Palat,24-25,F,N.J,82,84,82.0,83.0,82.0,83.0
Parker Kelly,24-25,F,COL,84,84,84.0,84.0,85.0,85.0
Patrick Kane,24-25,F,DET,84,84,84.0,84.0,85.0,84.0
Pavel Buchnevich,24-25,F,STL,83,84,83.0,83.0,83.0,84.0
Pavel Dorofeyev,24-25,F,VGK,82,84,82.0,83.0,82.0,83.0
Pavel Zacha,24-25,F,BOS,84,84,85.0,84.0,85.0,84.0
Peyton Krebs,24-25,F,BUF,86,84,85.0,84.0,85.0,85.0
Philipp Kurashev,24-25,F,CHI,85,84,85.0,84.0,86.0,85.0
Phillip Di Giuseppe,24-25,F,VAN,82,84,83.0,83.0,83.0,84.0
Pierre-Luc Dubois,24-25,F,WSH,86,84,85.0,84.0,86.0,85.0
Pontus Holmberg,24-25,F,TOR,85,84,85.0,84.0,85.0,85.0
Reilly Smith,24-25,F,NYR/VGK,84,84,83.0,83.0,84.0,84.0
Rickard Rakell,24-25,F,PIT,86,84,85.0,84.0,86.0,84.0
Ridly Greig,24-25,F,OTT,84,84,83.0,84.0,84.0,84.0
Robby Fabbri,24-25,F,ANA,82,84,82.0,83.0,83.0,84.0
Robert Thomas,24-25,F,STL,84,84,84.0,84.0,85.0,84.0
Rodrigo Abols,24-25,F,PHI,82,84,82.0,83.0,82.0,84.0
Ross Colton,24-25,F,COL,86,84,85.0,84.0,86.0,85.0
Ryan Hartman,24-25,F,MIN,82,84,82.0,83.0,82.0,83.0
Ryan Lomberg,24-25,F,CGY,82,84,82.0,84.0,83.0,84.0
Ryan Nugent-Hopkins,24-25,F,EDM,84,84,84.0,84.0,84.0,84.0
Ryan O'Reilly,24-25,F,NSH,84,84,84.0,83.0,84.0,84.0
Sam Bennett,24-25,F,FLA,86,84,85.0,84.0,86.0,85.0
Sam Colangelo,24-25,F,ANA,84,84,84.0,84.0,84.0,84.0
Sam Reinhart,24-25,F,FLA,83,84,83.0,83.0,83.0,84.0
Sam Steel,24-25,F,DAL,84,84,84.0,84.0,85.0,84.0
Scott Laughton,24-25,F,PHI/TOR,84,84,84.0,84.0,84.0,84.0
Sean Kuraly,24-25,F,CBJ,84,84,84.0,84.0,84.0,85.0
Sean Monahan,24-25,F,CBJ,85,84,85.0,84.0,85.0,84.0
Sebastian Aho,24-25,F,CAR,86,84,85.0,84.0,86.0,85.0
Shane Pinto,24-25,F,OTT,85,84,85.0,84.0,85.0,84.0
Simon Holmstrom,24-25,F,NYI,84,84,84.0,84.0,85.0,84.0
Steven Lorentz,24-25,F,TOR,84,84,84.0,84.0,84.0,85.0
Steven Stamkos,24-25,F,NSH,85,84,84.0,84.0,85.0,85.0
Tage Thompson,24-25,F,BUF,86,84,86.0,85.0,87.0,85.0
Tanner Jeannot,24-25,F,L.A,84,84,83.0,84.0,84.0,84.0
Tanner Pearson,24-25,F,VGK,82,84,82.0,83.0,83.0,84.0
Taylor Raddysh,24-25,F,WSH,84,84,84.0,84.0,85.0,85.0
Thomas Novak,24-25,F,NSH/PIT,84,84,84.0,84.0,84.0,84.0
Tomas Hertl,24-25,F,VGK,82,84,82.0,83.0,82.0,84.0
Tomas Nosek,24-25,F,FLA,82,84,82.0,83.0,82.0,83.0
Travis Konecny,24-25,F,PHI,85,84,85.0,85.0,85.0,85.0
Trent Frederic,24-25,F,BOS/EDM,84,84,84.0,84.0,84.0,84.0
Trevor Lewis,24-25,F,L.A,82,84,82.0,83.0,83.0,84.0
Trevor Moore,24-25,F,L.A,85,84,84.0,84.0,85.0,84.0
Trevor Zegras,24-25,F,ANA,83,84,83.0,83.0,83.0,84.0
Ty Dellandrea,24-25,F,S.J,85,84,85.0,85.0,86.0,85.0
Tye Kartye,24-25,F,SEA,84,84,83.0,83.0,84.0,84.0
Tyler Seguin,24-25,F,DAL,82,84,82.0,83.0,83.0,84.0
Tyson Jost,24-25,F,CAR,82,84,82.0,83.0,83.0,83.0
Vincent Trocheck,24-25,F,NYR,86,84,86.0,85.0,87.0,85.0
Vladislav Namestnikov,24-25,F,WPG,84,84,84.0,83.0,84.0,84.0
Will Cuylle,24-25,F,NYR,84,84,84.0,84.0,85.0,84.0
William Eklund,24-25,F,S.J,86,84,85.0,84.0,85.0,84.0
William Nylander,24-25,F,TOR,86,84,85.0,84.0,86.0,85.0
Wyatt Johnston,24-25,F,DAL,84,84,84.0,84.0,85.0,84.0
Yakov Trenin,24-25,F,MIN,85,84,85.0,84.0,85.0,85.0
Yanni Gourde,24-25,F,SEA/T.B,86,84,85.0,84.0,86.0,84.0
Yegor Sharangovich,24-25,F,CGY,84,84,84.0,84.0,85.0,84.0
Zachary Bolduc,24-25,F,STL,86,84,85.0,84.0,86.0,85.0
Zachary L'Heureux,24-25,F,NSH,82,84,82.0,84.0,83.0,84.0
Adam Erne,25-26,F,DAL,82,84,82.0,83.0,83.0,84.0
Adam Klapka,25-26,F,CGY,84,84,83.0,83.0,84.0,84.0
Adam Lowry,25-26,F,WPG,84,84,85.0,84.0,85.0,84.0
Alex Debrincat,25-26,F,DET,84,84,85.0,84.0,85.0,84.0
Alex Holtz,25-26,F,VGK,84,84,83.0,83.0,84.0,84.0
Alex Iafallo,25-26,F,WPG,82,84,83.0,83.0,83.0,84.0
Alex Killorn,25-26,F,ANA,83,84,83.0,83.0,83.0,84.0
Alex Tuch,25-26,F,BUF,84,84,84.0,84.0,85.0,85.0
Alex Wennberg,25-26,F,S.J,84,84,84.0,84.0,84.0,85.0
Anders Lee,25-26,F,NYI,82,84,83.0,84.0,83.0,84.0
Andre Burakovsky,25-26,F,CHI,84,84,84.0,84.0,85.0,84.0
Andrew Mangiapane,25-26,F,CHI/EDM,84,84,83.0,84.0,84.0,84.0
Anthony Cirelli,25-26,F,T.B,84,84,83.0,85.0,84.0,85.0
Anthony Duclair,25-26,F,NYI,83,84,82.0,84.0,83.0,85.0
Anthony Mantha,25-26,F,PIT,83,84,83.0,84.0,83.0,84.0
Anton Lundell,25-26,F,FLA,84,84,84.0,83.0,84.0,84.0
Anze Kopitar,25-26,F,L.A,84,84,84.0,83.0,85.0,84.0
Arseny Gritsyuk,25-26,F,N.J,85,84,85.0,84.0,85.0,84.0
Arshdeep Bains,25-26,F,VAN,82,84,82.0,83.0,82.0,84.0
Artturi Lehkonen,25-26,F,COL,83,84,83.0,83.0,83.0,84.0
Auston Matthews,25-26,F,TOR,85,84,85.0,84.0,85.0,84.0
Barclay Goodrow,25-26,F,S.J,82,84,82.0,83.0,82.0,83.0
Ben Kindel,25-26,F,PIT,86,84,86.0,84.0,86.0,85.0
Ben Meyers,25-26,F,SEA,84,84,84.0,84.0,85.0,85.0
Blake Coleman,25-26,F,CGY,84,84,85.0,84.0,85.0,85.0
Blake Lizotte,25-26,F,PIT,85,84,85.0,84.0,85.0,85.0
Bobby Brink,25-26,F,MIN/PHI,86,84,85.0,84.0,86.0,85.0
Boone Jenner,25-26,F,CBJ,84,84,83.0,83.0,84.0,84.0
Brandon Duhaime,25-26,F,WSH,84,84,83.0,84.0,84.0,85.0
Brandon Saad,25-26,F,VGK,84,84,84.0,84.0,84.0,85.0
Brandon Tanev,25-26,F,UTA,85,84,85.0,85.0,85.0,85.0
Brayden Schenn,25-26,F,NYI/STL,84,84,84.0,84.0,85.0,84.0
Brendan Gallagher,25-26,F,MTL,83,84,83.0,84.0,83.0,85.0
Brendan Gaunce,25-26,F,CBJ,82,84,82.0,83.0,83.0,84.0
Calum Ritchie,25-26,F,NYI,84,84,84.0,84.0,84.0,84.0
Casey Cizikas,25-26,F,NYI,85,84,85.0,84.0,85.0,85.0
Casey Mittelstadt,25-26,F,BOS,84,84,83.0,84.0,84.0,84.0
Charlie Coyle,25-26,F,CBJ,84,84,84.0,84.0,84.0,84.0
Claude Giroux,25-26,F,OTT,84,84,83.0,83.0,84.0,84.0
Clayton Keller,25-26,F,UTA,86,84,86.0,84.0,86.0,85.0
Cole Caufield,25-26,F,MTL,84,84,84.0,84.0,85.0,84.0
Colin Blackwell,25-26,F,DAL,84,84,83.0,84.0,84.0,85.0
Colton Sissons,25-26,F,VGK,84,84,84.0,84.0,84.0,84.0
Connor Brown,25-26,F,N.J,86,84,85.0,84.0,86.0,85.0
Connor Dewar,25-26,F,PIT,84,84,83.0,83.0,84.0,84.0
Conor Garland,25-26,F,CBJ/VAN,86,84,85.0,84.0,86.0,85.0
Conor Sheary,25-26,F,NYR,84,84,83.0,84.0,84.0,84.0
Curtis Lazar,25-26,F,EDM,84,84,83.0,84.0,84.0,85.0
Daniil but,25-26,F,UTA,86,84,85.0,84.0,86.0,85.0
Danila Yurov,25-26,F,MIN,84,84,84.0,84.0,84.0,84.0
Danton Heinen,25-26,F,CBJ/PIT,83,84,83.0,83.0,83.0,84.0
David Kampf,25-26,F,VAN,84,84,84.0,83.0,85.0,84.0
David Pastrnak,25-26,F,BOS,83,84,83.0,83.0,83.0,84.0
David Tomasek,25-26,F,EDM,82,84,81.0,83.0,81.0,83.0
Dawson Mercer,25-26,F,N.J,84,84,84.0,83.0,85.0,84.0
Denver Barkey,25-26,F,PHI,86,84,85.0,84.0,85.0,84.0
Dmitri Voronkov,25-26,F,CBJ,82,84,82.0,83.0,82.0,83.0
Drake Batherson,25-26,F,OTT,86,84,86.0,84.0,86.0,85.0
Easton Cowan,25-26,F,TOR,84,84,84.0,84.0,85.0,84.0
Eetu Luostarinen,25-26,F,FLA,83,84,83.0,83.0,84.0,84.0
Elias Lindholm,25-26,F,BOS,82,84,82.0,83.0,83.0,84.0
Elias Pettersson,25-26,F,VAN,85,84,85.0,84.0,85.0,85.0
Elmer Soderblom,25-26,F,DET/PIT,84,84,83.0,84.0,84.0,84.0
Evan Rodrigues,25-26,F,FLA,84,84,84.0,84.0,84.0,84.0
Evander Kane,25-26,F,VAN,84,84,84.0,84.0,84.0,84.0
Evgeni Malkin,25-26,F,PIT,84,84,83.0,83.0,84.0,84.0
Frank Vatrano,25-26,F,ANA,84,84,83.0,84.0,84.0,85.0
Frederick Gaudreau,25-26,F,SEA,84,84,84.0,83.0,84.0,84.0
Gabriel Landeskog,25-26,F,COL,86,84,85.0,84.0,85.0,84.0
Gage Goncalves,25-26,F,T.B,82,84,82.0,83.0,82.0,83.0
Garnet Hathaway,25-26,F,PHI,84,84,83.0,84.0,84.0,84.0
Gustav Nyquist,25-26,F,WPG,83,84,83.0,83.0,83.0,84.0
Hendrix Lapierre,25-26,F,WSH,85,84,84.0,84.0,85.0,85.0
Isak Rosen,25-26,F,BUF/WPG,84,84,83.0,85.0,84.0,85.0
Ivan Barbashev,25-26,F,VGK,82,84,82.0,83.0,83.0,84.0
J.T. Compher,25-26,F,DET,85,84,85.0,84.0,85.0,85.0
Jack Drury,25-26,F,COL,82,84,82.0,83.0,82.0,84.0
Jack McBain,25-26,F,UTA,84,84,83.0,83.0,84.0,84.0
Jake Evans,25-26,F,MTL,85,84,84.0,84.0,85.0,85.0
Jake Guentzel,25-26,F,T.B,84,84,84.0,84.0,85.0,84.0
Jason Dickinson,25-26,F,CHI/EDM,84,84,84.0,84.0,84.0,84.0
Jean-Gabriel Pageau,25-26,F,NYI,84,84,84.0,84.0,84.0,84.0
Jeffrey Viel,25-26,F,ANA/BOS,82,84,83.0,83.0,83.0,84.0
Jimmy Snuggerud,25-26,F,STL,84,84,84.0,84.0,84.0,84.0
Joel Armia,25-26,F,L.A,83,84,83.0,83.0,83.0,84.0
Joel Farabee,25-26,F,CGY,83,84,83.0,83.0,83.0,84.0
Joel Kiviranta,25-26,F,COL,84,84,84.0,84.0,84.0,84.0
John Beecher,25-26,F,BOS/CGY,83,84,83.0,84.0,84.0,85.0
John Tavares,25-26,F,TOR,84,84,84.0,84.0,84.0,84.0
Jonatan Berggren,25-26,F,DET/STL,84,84,84.0,84.0,84.0,84.0
Jonathan Drouin,25-26,F,NYI/STL,84,84,84.0,84.0,84.0,85.0
Jonathan Toews,25-26,F,WPG,82,84,82.0,83.0,82.0,84.0
Jordan Eberle,25-26,F,SEA,84,84,83.0,83.0,84.0,84.0
Jordan Martinook,25-26,F,CAR,83,84,83.0,84.0,83.0,84.0
Jordan Staal,25-26,F,CAR,84,84,84.0,84.0,85.0,85.0
Juho Lammikko,25-26,F,N.J,84,84,84.0,84.0,85.0,85.0
Juraj Slafkovsky,25-26,F,MTL,84,84,84.0,84.0,85.0,85.0
Justin Hryckowian,25-26,F,DAL,82,84,83.0,83.0,83.0,84.0
Kailer Yamamoto,25-26,F,UTA,84,84,83.0,84.0,84.0,84.0
Keegan Kolesar,25-26,F,VGK,84,84,84.0,84.0,85.0,85.0
Kevin Fiala,25-26,F,L.A,84,84,83.0,83.0,84.0,84.0
Kirby Dach,25-26,F,MTL,86,84,85.0,84.0,86.0,85.0
Kirill Kaprizov,25-26,F,MIN,85,84,85.0,84.0,85.0,84.0
Kyle Palmieri,25-26,F,NYI,82,84,83.0,83.0,83.0,84.0
Lars Eller,25-26,F,OTT,84,84,83.0,83.0,84.0,84.0
Logan Stankoven,25-26,F,CAR,84,84,84.0,84.0,85.0,84.0
Lucas Raymond,25-26,F,DET,85,84,84.0,84.0,85.0,85.0
Lukas Reichel,25-26,F,CHI/VAN,86,84,85.0,84.0,86.0,85.0
Marco Kasper,25-26,F,DET,86,84,86.0,84.0,86.0,85.0
Mark Scheifele,25-26,F,WPG,86,84,86.0,84.0,86.0,85.0
Mason Appleton,25-26,F,DET,84,84,84.0,84.0,84.0,84.0
Mathieu Olivier,25-26,F,CBJ,83,84,83.0,83.0,83.0,84.0
Matias MacCelli,25-26,F,TOR,84,84,83.0,84.0,84.0,84.0
Matt Boldy,25-26,F,MIN,84,84,84.0,84.0,84.0,84.0
Matt Coronato,25-26,F,CGY,84,84,84.0,84.0,84.0,84.0
Matt Duchene,25-26,F,DAL,84,84,83.0,83.0,84.0,84.0
Matt Savoie,25-26,F,EDM,84,84,84.0,84.0,84.0,85.0
Matthew Knies,25-26,F,TOR,84,84,84.0,84.0,84.0,84.0
Matty Beniers,25-26,F,SEA,86,84,86.0,84.0,87.0,85.0
Matvei Gridin,25-26,F,CGY,84,84,83.0,83.0,84.0,84.0
Matvei Michkov,25-26,F,PHI,82,84,83.0,83.0,83.0,84.0
Mavrik Bourque,25-26,F,DAL,86,84,85.0,84.0,85.0,84.0
Max Shabanov,25-26,F,NYI,84,84,84.0,84.0,85.0,84.0
Michael Amadio,25-26,F,OTT,84,84,84.0,84.0,85.0,85.0
Michael Bunting,25-26,F,DAL/NSH,83,84,83.0,83.0,83.0,84.0
Michael Eyssimont,25-26,F,BOS,82,84,82.0,83.0,83.0,84.0
Michael McCarron,25-26,F,MIN/NSH,84,84,84.0,84.0,85.0,84.0
Michael Rasmussen,25-26,F,DET,84,84,84.0,84.0,85.0,85.0
Mika Zibanejad,25-26,F,NYR,86,84,86.0,84.0,86.0,85.0
Mikael Backlund,25-26,F,CGY,84,84,84.0,83.0,84.0,84.0
Mikael Granlund,25-26,F,ANA,84,84,84.0,84.0,84.0,84.0
Mikko Rantanen,25-26,F,DAL,84,84,84.0,84.0,84.0,84.0
Mitch Marner,25-26,F,VGK,83,84,82.0,83.0,83.0,84.0
Morgan Frost,25-26,F,CGY,85,84,85.0,84.0,85.0,85.0
Morgan Geekie,25-26,F,BOS,82,84,82.0,83.0,83.0,84.0
Nate Danielson,25-26,F,DET,85,84,85.0,84.0,85.0,85.0
Nathan Walker,25-26,F,STL,84,84,84.0,84.0,84.0,84.0
Nazem Kadri,25-26,F,CGY/COL,83,84,83.0,83.0,83.0,84.0
Nic Dowd,25-26,F,VGK/WSH,84,84,84.0,83.0,84.0,84.0
Nick Bjugstad,25-26,F,N.J/STL,84,84,84.0,84.0,84.0,84.0
Nick Paul,25-26,F,T.B,84,84,84.0,84.0,84.0,85.0
Nico Hischier,25-26,F,N.J,84,84,84.0,84.0,85.0,85.0
Nico Sturm,25-26,F,MIN,82,84,83.0,83.0,83.0,84.0
Nikita Grebenkin,25-26,F,PHI,82,84,81.0,83.0,82.0,83.0
Noah Cates,25-26,F,PHI,82,84,82.0,83.0,83.0,83.0
Oliver Kapanen,25-26,F,MTL,86,84,85.0,84.0,85.0,85.0
Ondrej Palat,25-26,F,N.J/NYI,82,84,82.0,83.0,83.0,83.0
Parker Kelly,25-26,F,COL,84,84,84.0,84.0,85.0,85.0
Patrick Kane,25-26,F,DET,84,84,84.0,84.0,85.0,84.0
Pavel Buchnevich,25-26,F,STL,84,84,83.0,83.0,84.0,84.0
Pavel Dorofeyev,25-26,F,VGK,82,84,83.0,83.0,83.0,84.0
Pavel Zacha,25-26,F,BOS,83,84,83.0,83.0,84.0,84.0
Pavol Regenda,25-26,F,S.J,84,84,84.0,84.0,84.0,84.0
Philipp Kurashev,25-26,F,S.J,86,84,85.0,84.0,86.0,85.0
Pierre-Luc Dubois,25-26,F,WSH,86,84,86.0,84.0,86.0,85.0
Pontus Holmberg,25-26,F,T.B,84,84,84.0,84.0,84.0,84.0
Reid Schaefer,25-26,F,NSH,84,84,84.0,84.0,85.0,85.0
Reilly Smith,25-26,F,VGK,84,84,84.0,83.0,84.0,84.0
Rickard Rakell,25-26,F,PIT,86,84,86.0,84.0,87.0,85.0
Ridly Greig,25-26,F,OTT,84,84,83.0,84.0,84.0,84.0
Robert Thomas,25-26,F,STL,84,84,85.0,84.0,85.0,84.0
Rodrigo Abols,25-26,F,PHI,82,84,82.0,83.0,82.0,84.0
Rutger McGroarty,25-26,F,PIT,84,84,83.0,84.0,84.0,84.0
Ryan Donato,25-26,F,CHI,82,84,83.0,83.0,83.0,84.0
Ryan Greene,25-26,F,CHI,84,84,84.0,84.0,84.0,84.0
Ryan Hartman,25-26,F,MIN,82,84,81.0,83.0,82.0,83.0
Ryan Lomberg,25-26,F,CGY,82,84,82.0,83.0,83.0,84.0
Ryan Nugent-Hopkins,25-26,F,EDM,84,84,83.0,84.0,84.0,84.0
Ryan O'Reilly,25-26,F,NSH,84,84,84.0,83.0,85.0,84.0
Sam Bennett,25-26,F,FLA,86,84,85.0,84.0,86.0,84.0
Sam Reinhart,25-26,F,FLA,83,84,83.0,83.0,83.0,84.0
Sam Steel,25-26,F,DAL,84,84,84.0,84.0,85.0,84.0
Samuel Honzek,25-26,F,CGY,84,84,84.0,84.0,84.0,84.0
Scott Laughton,25-26,F,L.A/TOR,84,84,83.0,83.0,84.0,84.0
Sean Kuraly,25-26,F,BOS,83,84,83.0,83.0,83.0,84.0
Sean Monahan,25-26,F,CBJ,86,84,85.0,84.0,86.0,84.0
Sebastian Aho,25-26,F,CAR,85,84,85.0,84.0,85.0,85.0
Shane Pinto,25-26,F,OTT,84,84,84.0,84.0,85.0,84.0
Stephen Halliday,25-26,F,OTT,84,84,84.0,84.0,84.0,84.0
Steven Lorentz,25-26,F,TOR,84,84,83.0,84.0,84.0,84.0
Tanner Jeannot,25-26,F,BOS,84,84,84.0,84.0,84.0,84.0
Tanner Pearson,25-26,F,WPG,84,84,83.0,83.0,83.0,84.0
Taylor Raddysh,25-26,F,NYR,84,84,84.0,84.0,84.0,84.0
Taylor Ward,25-26,F,L.A,84,84,83.0,84.0,83.0,84.0
Teddy Blueger,25-26,F,VAN,84,84,83.0,84.0,84.0,84.0
Thomas Novak,25-26,F,PIT,84,84,84.0,84.0,84.0,84.0
Tim Washe,25-26,F,ANA,85,84,85.0,84.0,85.0,85.0
Timo Meier,25-26,F,N.J,85,84,84.0,84.0,85.0,85.0
Travis Konecny,25-26,F,PHI,84,84,84.0,84.0,84.0,84.0
Trevor Zegras,25-26,F,PHI,84,84,83.0,83.0,84.0,84.0
Troy Terry,25-26,F,ANA,86,84,85.0,84.0,86.0,84.0
Ty Dellandrea,25-26,F,S.J,86,84,86.0,85.0,86.0,85.0
Tye Kartye,25-26,F,NYR/SEA,83,84,83.0,83.0,83.0,84.0
Tyler Pitlick,25-26,F,MIN,84,84,83.0,84.0,84.0,85.0
Tyler Seguin,25-26,F,DAL,83,84,83.0,83.0,83.0,84.0
Tyson Jost,25-26,F,NSH,84,84,83.0,83.0,84.0,84.0
Victor Olofsson,25-26,F,CGY/COL,83,84,83.0,83.0,83.0,84.0
Viktor Arvidsson,25-26,F,BOS,84,84,83.0,84.0,84.0,85.0
Vladislav Namestnikov,25-26,F,WPG,84,84,84.0,84.0,84.0,84.0
Warren Foegele,25-26,F,L.A/OTT,86,84,85.0,84.0,85.0,85.0
Will Cuylle,25-26,F,NYR,84,84,84.0,84.0,85.0,84.0
Will Smith,25-26,F,S.J,84,84,84.0,84.0,84.0,84.0
William Eklund,25-26,F,S.J,86,84,86.0,84.0,86.0,85.0
Wyatt Johnston,25-26,F,DAL,85,84,85.0,84.0,85.0,84.0
Yanni Gourde,25-26,F,T.B,84,84,84.0,84.0,85.0,84.0
Zach Aston-Reese,25-26,F,CBJ,86,84,85.0,84.0,86.0,85.0
Zach Benson,25-26,F,BUF,84,84,84.0,83.0,84.0,84.0
Zachary Bolduc,25-26,F,MTL,85,84,85.0,84.0,85.0,85.0
Zakhar Bardakov,25-26,F,COL,82,84,82.0,84.0,83.0,84.0
Zemgus Girgensons,25-26,F,T.B,86,84,85.0,84.0,86.0,85.0
Ben Chiarot,21-22,D,FLA/MTL,85,84,84.9620694645648,84.27771800387382,85.3024930630121,84.62668544424845
Brent Burns,21-22,D,S.J,84,84,83.72576798682007,83.4143120924003,83.99330350567638,83.68856213161737
Cody Ceci,21-22,D,EDM,84,84,84.09753353546517,84.02576440002849,84.44685915518046,84.3838572817363
Erik Cernak,21-22,D,T.B,83,84,83.04379452656487,83.40191380623679,83.43547153586049,83.80342099907217
Erik Gudbranson,21-22,D,CGY,85,84,85.05846001412422,84.08808932567628,85.38143955125747,84.41917489929943
Evan Bouchard,21-22,D,EDM,84,84,84.05175713904477,83.89220400356676,84.3221717733729,84.16940541736929
Henri Jokiharju,21-22,D,BUF,84,84,84.195960870242,83.5482688229589,84.44194160366311,83.80042310167215
Jaccob Slavin,21-22,D,CAR,84,84,83.98004513270601,84.25251308740678,84.20728379968854,84.48545491732906
Jake McCabe,21-22,D,CHI,84,84,83.49628932091616,83.79901436835402,83.81093750289531,84.1215594891524
Jamie Oleksiak,21-22,D,SEA,85,84,84.98930858989159,83.79056040378791,85.32474545894848,84.13441595944262
Jeff Petry,21-22,D,MTL,84,84,83.74337274371896,83.50752663444298,84.05234269914307,83.82425101838346
Jonas Brodin,21-22,D,MIN,85,84,85.1652973653492,84.2328663875966,85.44161733096647,84.51612134279266
Josh Manson,21-22,D,ANA/COL,85,84,84.80709875743277,84.00919695325994,85.16226375944653,84.37327577220407
Josh Morrissey,21-22,D,WPG,85,84,84.72903894179787,83.38385185904534,85.04918549853444,83.71203335104144
Mattias Samuelsson,21-22,D,BUF,85,84,84.91596077781715,84.30843466577628,85.25910594580064,84.66019198076356
Nicolas Hague,21-22,D,VGK,85,84,84.9211141633307,84.006632829303,85.22707994632947,84.32027764306534
Philippe Myers,21-22,D,NSH,84,84,83.78189049705986,83.99047203823648,84.28416694649187,84.50535446036648
Ryan Lindgren,21-22,D,NYR,84,84,83.39809395854225,83.98349889464195,83.7611035696403,84.35561920414482
Sean Durzi,21-22,D,L.A,84,84,84.11649411074866,83.79167481655564,84.4093689573966,84.0919001418592
Tj Brodie,21-22,D,TOR,84,84,83.96423760383279,83.64133391301509,84.25407347569319,83.93844399231983
Tobias Bjornfot,21-22,D,L.A,84,84,83.448820339644,83.3736544655325,83.73979467501107,83.67193158113464
Trevor Van Riemsdyk,21-22,D,WSH,83,84,83.36050311853428,83.4805233165044,83.6393576772984,83.7663764772505
Ty Smith,21-22,D,N.J,86,84,85.53916803290112,83.96064911367142,85.94916356536254,84.38093458207221
Tyler Myers,21-22,D,VAN,85,84,84.84525411228941,83.94713089608105,85.12796693889759,84.23693915823598
Vladislav Kolyachonok,21-22,D,ARI,85,84,84.86935635875305,83.63200671672419,85.36301519056398,84.13805523903918
Aaron Ekblad,22-23,D,FLA,85,84,84.65106874248308,83.30225767272327,85.05947512852401,83.7186247508131
Adam Boqvist,22-23,D,CBJ,84,84,83.99487794330331,83.707585320527,84.4814054545692,84.20359626746598
Andreas Englund,22-23,D,CHI/COL,82,84,82.0644295084965,83.4279876119724,82.58510186650138,83.96172763726892
Ben Chiarot,22-23,D,DET,84,84,83.393921364876,83.31569399067556,84.20554935908102,84.14314230684656
Brandon Carlo,22-23,D,BOS,84,84,84.03895801957859,83.40738889717359,84.53175143772775,83.90978788658633
Calen Addison,22-23,D,MIN,84,84,83.66606236361179,83.39340365175882,84.19664991043382,83.93433345621834
Calle Rosen,22-23,D,STL,85,84,84.2975768953089,83.79874209642126,85.02886140922908,84.54428087034917
Chris Tanev,22-23,D,CGY,85,84,85.06654439170978,83.40251848051133,85.54669876264211,83.89203206132275
Cody Ceci,22-23,D,EDM,84,84,83.6798790771676,83.38287169628758,84.10657959397334,83.81788949589667
Ethan Bear,22-23,D,VAN,86,84,85.59414726710146,84.01789187426007,86.13631815838843,84.57063080672106
Evan Bouchard,22-23,D,EDM,85,84,84.41725533332838,84.01052689756813,84.8517836846983,84.45352511255919
Filip Hronek,22-23,D,DET/VAN,86,84,85.6526922241725,84.05960469896507,86.08315048086618,84.49845348464792
Henri Jokiharju,22-23,D,BUF,85,84,84.3403435258042,83.33598154303264,84.74948783494636,83.75310092788362
Ian Mitchell,22-23,D,CHI,86,84,85.32612447518996,83.72915493786948,85.7799150009837,84.19433455225227
Isaak Phillips,22-23,D,CHI,83,84,82.72262981007495,83.58536037919048,83.18954039302908,84.06398933370629
Ivan Provorov,22-23,D,PHI,86,84,85.6582601431687,84.07489649666256,86.1032943306937,84.52860532846151
Jake McCabe,22-23,D,CHI/TOR,84,84,83.68054070219927,83.29642325391782,84.21319616790012,83.83946128530702
Jani Hakanpaa,22-23,D,DAL,84,84,84.10391833368298,83.68920392325481,84.57972776953852,84.174287877145
Jeff Petry,22-23,D,PIT,84,84,84.16836651985014,83.64902601461647,84.57583828786123,84.06444025702223
John Marino,22-23,D,N.J,84,84,83.53010615194727,84.12673907474766,84.20955802471877,84.81943488127254
Jonas Brodin,22-23,D,MIN,85,84,85.26463330841214,84.25938692904847,85.62586134224586,84.62765605047305
Jordan Harris,22-23,D,MTL,84,84,83.39975640412118,83.93847757986137,83.84839226707396,84.39837316133395
Justin Faulk,22-23,D,STL,85,84,84.92661363813978,83.87679630275584,85.44644135572393,84.40675654646986
Justin Holl,22-23,D,TOR,85,84,84.58241527360241,83.29104183922153,85.33493929311314,84.05823412099132
Justin Schultz,22-23,D,SEA,85,84,84.9484156603124,83.68069722238705,85.5261448711632,84.26968758020428
Kris Letang,22-23,D,PIT,86,84,85.52235340368851,83.37480540574455,86.0795771313891,83.94289058578815
MacKenzie Weegar,22-23,D,CGY,86,84,85.86276650095158,83.8838003484376,86.51478781938235,84.54853092192106
Mario Ferraro,22-23,D,S.J,84,84,84.17934459728995,84.15965082838765,84.79788011603385,84.79024289412574
Nick Blankenburg,22-23,D,CBJ,84,84,83.40770469884683,83.57435880159501,83.8551789763592,84.03306364452959
Radim Simek,22-23,D,S.J,83,84,82.78522197242823,83.41932180433301,83.36601984999145,84.01144064357548
Ryan Lindgren,22-23,D,NYR,83,84,82.91359070058066,83.25517174828497,83.41649473632698,83.76787843231389
Ryan McDonagh,22-23,D,NSH,82,84,82.01026325616346,83.31064114872754,82.78132513150601,84.09673262779334
Ryan Pulock,22-23,D,NYI,84,84,83.8130103179076,83.92906439105514,84.41172264254064,84.53944686729498
Sean Walker,22-23,D,L.A,83,84,82.95213270633795,83.82833983166925,83.31063697116943,84.19584172117474
Simon Benoit,22-23,D,ANA,83,84,82.06768197163296,84.00468135124487,82.95078143986024,84.90499426949492
Zach Bogosian,22-23,D,T.B,84,84,83.50817593887344,83.5280073671247,83.9587496296064,83.9873636785998
Alex Carrier,23-24,D,NSH,85,84,84.45585929995674,83.34635057958006,85.47101590978535,84.36722165504129
Braden Schneider,23-24,D,NYR,83,84,82.62568799145379,83.6572443160816,83.80017804076988,84.83834574235931
Daniil Miromanov,23-24,D,CGY/VGK,84,84,83.98971142018102,83.19639333149753,84.73322820630632,83.95440281012185
Haydn Fleury,23-24,D,T.B,84,84,82.98671346306874,83.20528121212517,84.07756730235627,84.30227562786607
Isaak Phillips,23-24,D,CHI,83,84,82.37564936524946,83.85392684245863,83.25520075845459,84.75062252630613
Ivan Provorov,23-24,D,CBJ,86,84,85.75706601267221,83.79245555300008,86.58083133101836,84.62085796729323
Jaccob Slavin,23-24,D,CAR,84,84,83.75856874770137,83.4557467214471,84.35337646198738,84.05390269570442
Jackson Lacombe,23-24,D,ANA,84,84,83.8379892877077,83.28411798675755,84.27972904410235,83.73694438540872
Jacob Bryson,23-24,D,BUF,84,84,83.13264497386083,82.92662358881493,84.48436609141842,84.28595374304366
Jake McCabe,23-24,D,TOR,84,84,83.52587284403451,83.57691328512239,84.4203944460007,84.47647028054664
Jan Rutta,23-24,D,S.J,84,84,82.97766062627583,83.38251330457436,84.2215345491847,84.63338917645831
Jeff Petry,23-24,D,DET,84,84,83.66080638017252,83.52975958216389,84.6962552590065,84.57103715479263
John Marino,23-24,D,N.J,83,84,82.79411427757925,83.44026577883108,83.75198294536885,84.4035264300148
Jonas Siegenthaler,23-24,D,N.J,85,84,84.75795721106938,82.7740493438879,86.2191909052282,84.24350853709349
Jordan Harris,23-24,D,MTL,84,84,83.29196888025817,83.7805618312186,83.8761780092003,84.37615841424233
Josh Morrissey,23-24,D,WPG,86,84,85.42539223545033,83.50462244976272,86.17963240547867,84.2631083484684
Justin Faulk,23-24,D,STL,85,84,84.90882754325482,83.34490066618282,85.76535471979099,84.20624935997685
Justin Schultz,23-24,D,SEA,85,84,84.70903233789075,83.47836913890433,85.63570293412113,84.41025610000258
Kevin Korchinski,23-24,D,CHI,84,84,84.39295906369937,84.2564779430299,84.59625296705543,84.46487405135352
MacKenzie Weegar,23-24,D,CGY,86,84,85.3496433393052,83.18049695237202,86.72318927408868,84.56177477892778
Mark Friedman,23-24,D,VAN,83,84,82.06961693411449,82.8955526887558,83.39235803090241,84.22573968942224
Mike Reilly,23-24,D,FLA/NYI,84,84,83.76352702694597,83.5474356567426,84.28551720733107,84.07960051416663
Nikita Okhotiuk,23-24,D,CGY/S.J,85,84,84.48132299065624,83.62713168140763,84.7403015662846,83.8926100179892
Pierre-Olivier Joseph,23-24,D,PIT,83,84,82.79087254320221,83.71096569304521,83.74295335247841,84.68160454251705
Rasmus Andersson,23-24,D,CGY,85,84,84.55006328232939,83.64238205265079,85.41804619441898,84.51525096801593
Ryan Lindgren,23-24,D,NYR,84,84,83.36024460729848,83.28387512037955,84.18270365587715,84.11096391172087
Ryan McDonagh,23-24,D,NSH,82,84,81.95931334284005,83.23650741225535,82.9960765269703,84.27910668859786
Simon Benoit,23-24,D,TOR,82,84,81.79757584500886,83.83546446597845,83.02620383374469,85.07100858208705
Uvis Balinskis,23-24,D,FLA,83,84,83.2384625776857,83.70593684856904,83.73487058489664,84.21480354420356
Vince Dunn,23-24,D,SEA,85,84,84.33714043355653,83.83135186278959,85.14454875842638,84.64330520768814
William Borgen,23-24,D,SEA,85,84,84.13284695748976,83.9368107791845,85.12079014367555,84.93031524264491
Wyatt Kaiser,23-24,D,CHI,85,84,84.77050530080042,83.8744196479825,85.08283863978615,84.19459182860292
Adam Pelech,24-25,D,NYI,83,84,82.94033340662249,83.00008649184903,83.93561225368545,84.00096790969893
Charlie McAvoy,24-25,D,BOS,88,84,86.94127205624395,83.4902414006657,88.67952046491061,85.23827466488672
Cody Ceci,24-25,D,DAL/S.J,85,84,85.01545113529703,83.83887716318252,85.83078745231634,84.65880312806257
Daniil Miromanov,24-25,D,CGY,85,84,84.01799921102378,82.99636770139375,85.07097221175425,84.05526804177454
Declan Chisholm,24-25,D,MIN,85,84,84.85293161616889,84.03383410801318,85.61010887522771,84.80577033067252
Emil Martinsen Lilleberg,24-25,D,T.B,84,84,83.20028678927409,83.73166440901211,83.82239568650967,84.36589950583968
Erik Gudbranson,24-25,D,CBJ,85,84,84.14079480900813,82.94094226254836,85.30569193958127,84.11239677013478
Filip Hronek,24-25,D,VAN,86,84,85.65766877898865,83.56472485457122,86.47252429533788,84.38416731228361
Hampus Lindholm,24-25,D,BOS,85,84,84.56103241153062,83.27573146674614,85.79256657820444,84.51419812009512
Isaiah George,24-25,D,NYI,85,84,84.57929493799028,84.14125606092573,84.80263088035014,84.37019721689862
Jaccob Slavin,24-25,D,CAR,84,84,83.6259294035522,83.56826389830151,85.0064299033325,84.95653543812173
Jack Thompson,24-25,D,S.J,84,84,84.02937307589347,83.53927742746886,84.3212375367427,83.83846700863609
Jake McCabe,24-25,D,TOR,84,84,83.56144311217692,83.3403222251177,84.8996622406769,84.68607438560966
Jared Spurgeon,24-25,D,MIN,86,84,85.17831757976376,83.380188128447,86.1777576194967,84.38525416293149
John Carlson,24-25,D,WSH,83,84,82.84929258345267,83.0704985226237,83.70725264343848,83.93328816577872
Jordan Oesterle,24-25,D,BOS/NSH,85,84,84.41199037341886,83.13317069442326,85.5213734707253,84.24879867209748
Josh Morrissey,24-25,D,WPG,86,84,85.16969144087199,83.21139866902756,86.3266668923059,84.37488690517957
Justin Faulk,24-25,D,STL,85,84,85.05996453729398,83.7804155383353,85.74754672801875,84.4718682301832
Kaedan Korczak,24-25,D,VGK,84,84,83.70461882869618,83.48407935639625,84.11614301909567,83.90362501135264
Mario Ferraro,24-25,D,S.J,84,84,84.03995639444908,83.5260635268489,84.88410172451552,84.37496067494114
Mason Lohrei,24-25,D,BOS,85,84,84.82965464467343,83.38734947953253,85.91324977236009,84.4920661357066
Matt Grzelcyk,24-25,D,PIT,85,84,84.73489020704865,83.42618516969817,85.79145876919169,84.48870131143474
Mattias Ekholm,24-25,D,EDM,85,84,84.52028140687241,83.08925965515621,85.42004961833392,83.99409279401111
Mattias Samuelsson,24-25,D,BUF,84,84,83.68058289934784,83.25204025741303,85.01293609945037,84.59189346933518
Nate Schmidt,24-25,D,FLA,83,84,82.5794709730645,83.29529280013668,83.87197982473494,84.59507737393825
Nick Jensen,24-25,D,OTT,86,84,85.6701985557348,83.66818056644352,87.04508810726452,85.05080957316152
Owen Power,24-25,D,BUF,87,84,86.47431666886015,83.12064532933294,87.68542433148572,84.33857049484274
Pierre-Olivier Joseph,24-25,D,PIT/STL,84,84,83.12793193858755,83.64917733928762,84.53602163145293,85.06519337581227
Rasmus Andersson,24-25,D,CGY,85,84,84.73457286948971,83.45778956097477,85.4527855485699,84.18004516469514
Rasmus Dahlin,24-25,D,BUF,86,84,85.38903603841302,83.09680745361098,86.47039235520037,84.18425088390283
Roman Josi,24-25,D,NSH,87,84,86.34047921108926,83.14204253116917,87.76432122068015,84.57389955652343
Ryker Evans,24-25,D,SEA,85,84,84.95192866592384,83.98537102983508,85.3957869138958,84.43788100056712
Seth Jones,24-25,D,CHI/FLA,86,84,85.77584796098023,83.51526044018877,87.0523613491229,84.79895950964945
Simon Benoit,24-25,D,TOR,83,84,82.0278594140363,83.72716235418753,83.38312131679947,85.09005322522174
Ty Emberson,24-25,D,EDM,85,84,84.74217700586097,83.98640332487864,85.24721700916967,84.50128761093153
Uvis Balinskis,24-25,D,FLA,83,84,82.943401853985,83.31021166216117,83.56347413453874,83.94237044440113
Vince Dunn,24-25,D,SEA,84,84,83.71322680059706,83.06768659990969,84.7179643461351,84.07807996063742
Vladislav Kolyachonok,24-25,D,PIT/UTA,85,84,85.09625651710314,84.04466071975773,85.81784349202283,84.78031292942929
Zach Bogosian,24-25,D,MIN,83,84,82.43716366099876,83.11518066675386,83.99830184896385,84.68510673083233
Artyom Levshunov,25-26,D,CHI,85,84,84.87091420851966,83.12853882544569,85.78615965098516,84.06162431000074
Cam Fowler,25-26,D,STL,87,84,86.11714528269164,82.94744438465642,87.35366853074952,84.19092820366122
Damon Severson,25-26,D,CBJ,84,84,83.82952511535323,83.10904838692075,84.6878586847712,83.97221364204735
Darren Raddysh,25-26,D,T.B,85,84,84.30226763408496,83.43703651178298,85.3284893959018,84.46903502659788
Donovan Sebrango,25-26,D,FLA/OTT,84,84,83.97154575476917,84.1347856894642,84.19576349108998,84.36463077037912
Elias Salomonsson,25-26,D,WPG,84,84,83.9379866076205,83.67047697560965,84.29604550766133,84.03752232270229
Emil Martinsen Lilleberg,25-26,D,T.B,85,84,84.00389694122741,83.60720803944056,85.1156469620231,84.72521626436397
Erik Cernak,25-26,D,T.B,83,84,82.58170853487181,83.17939896297779,83.64262835764917,84.24629085923377
Erik Gudbranson,25-26,D,CBJ,85,84,84.44533746231664,83.5482284308118,85.53614291048197,84.64517418302978
Hampus Lindholm,25-26,D,BOS,85,84,84.82168132342223,83.52232184322975,86.07072075395648,84.77839230014007
Ivan Provorov,25-26,D,CBJ,86,84,85.7855215643475,83.96262924057886,86.68061248130977,84.86275875575693
Jake McCabe,25-26,D,TOR,84,84,83.74209077681941,83.2263227923618,85.10545079595279,84.59735736525246
Janis Moser,25-26,D,T.B,85,84,84.78007749454996,83.17204747423348,85.74724767467958,84.14466199733612
Jeremy Lauzon,25-26,D,VGK,84,84,83.7813379546612,83.05006378021683,85.13032412000237,84.4066435867815
John Marino,25-26,D,UTA,83,84,82.10436778916565,83.49468664598312,83.18014365109774,84.57651820821985
Jordan Spence,25-26,D,OTT,86,84,85.22381315065904,83.42816870479382,86.53045590081608,84.74216673887214
Josh Morrissey,25-26,D,WPG,86,84,85.90837782553012,83.46360286544862,86.90001573648183,84.46082285182322
Kaiden Guhle,25-26,D,MTL,84,84,82.5455723702623,82.84110638263596,85.03863352065315,85.34820134034871
Kris Letang,25-26,D,PIT,86,84,85.51042815431931,83.46685238778791,86.53004629188695,84.49221010558297
Logan Mailloux,25-26,D,STL,86,84,85.34843114099323,84.19439007995555,85.79744303975842,84.65467113486635
Martin Fehervary,25-26,D,WSH,84,84,82.72920145063986,83.06947617172557,84.37820302281173,84.72776021590327
Maxwell Crozier,25-26,D,T.B,83,84,83.03639515977078,83.67950744167122,83.48658980085366,84.14100092298581
Nils Lundkvist,25-26,D,DAL,85,84,84.75221457157045,84.10395729098764,85.33002737229896,84.68502268482332
Noah Dobson,25-26,D,MTL,85,84,84.65048075038987,83.66485801114338,85.75093026815621,84.77150212084636
Owen Power,25-26,D,BUF,87,84,86.1951706337261,83.24987872113525,87.47862953114536,84.54056239716418
Philippe Myers,25-26,D,TOR,84,84,83.22408387055988,83.12301363760304,84.4448989662472,84.35070088074085
Pierre-Olivier Joseph,25-26,D,VAN,84,84,82.87916147644083,83.08354832556375,84.30874205096285,84.52117621907387
Rasmus Andersson,25-26,D,CGY/VGK,86,84,85.41782124762807,83.8868698526509,86.00386824543381,84.47621579506837
Rasmus Sandin,25-26,D,WSH,86,84,84.9075461329092,83.6487594199453,86.16689807855224,84.91520044262636
Roman Josi,25-26,D,NSH,88,84,87.11595366624965,83.71044073316267,88.59252167131247,85.19532055636019
Ryker Evans,25-26,D,SEA,85,84,84.16331519983682,83.50861351283675,85.10847934479848,84.45909812556788
Samuel Girard,25-26,D,COL/PIT,86,84,84.66346259199446,83.1401643700263,86.39012605264304,84.8765474728556
Thomas Harley,25-26,D,DAL,87,84,86.23708693159884,83.32084440068353,87.63859038347853,84.73023712130481
Troy Stecher,25-26,D,EDM/TOR,83,84,82.9764906523917,83.3117502810093,83.74027791037643,84.07983700963148
Tyler Myers,25-26,D,DAL/VAN,84,84,83.91709143452644,83.1809447235997,84.9929133160865,84.26282256451562
Uvis Balinskis,25-26,D,FLA,84,84,83.81741402816132,83.73810420322371,84.97695015760904,84.90416753182213
Yan Kuznetsov,25-26,D,CGY,84,84,84.09871698653798,84.10821700620771,84.320814392605,84.33588854150247
Zeev Buium,25-26,D,MIN/VAN,85,84,84.33323818955488,83.81840135777566,84.67288931570288,84.16657693858983
Adam Gaudette,21-22,F,CHI/OTT,82,83,82.0,83.0,82.0,83.0
Alex Barabanov,21-22,F,S.J,84,83,83.0,83.0,84.0,83.0
Alex Killorn,21-22,F,T.B,82,83,82.0,83.0,82.0,83.0
Alex Ovechkin,21-22,F,WSH,81,83,81.0,83.0,82.0,83.0
Alex Radulov,21-22,F,DAL,82,83,82.0,83.0,83.0,83.0
Andreas Johnsson,21-22,F,N.J,83,83,83.0,83.0,83.0,83.0
Antoine Roussel,21-22,F,ARI,82,83,82.0,83.0,83.0,83.0
Anze Kopitar,21-22,F,L.A,84,83,84.0,83.0,84.0,83.0
Arthur Kaliyev,21-22,F,L.A,82,83,83.0,83.0,83.0,84.0
Austin Watson,21-22,F,OTT,82,83,82.0,83.0,82.0,83.0
Brendan Gaunce,21-22,F,CBJ,82,83,82.0,83.0,82.0,83.0
Brett Ritchie,21-22,F,CGY,82,83,82.0,83.0,83.0,83.0
Brock Boeser,21-22,F,VAN,82,83,82.0,83.0,82.0,83.0
Cal Clutterbuck,21-22,F,NYI,82,83,82.0,83.0,82.0,83.0
Cam Atkinson,21-22,F,PHI,82,83,82.0,83.0,82.0,83.0
Carter Rowney,21-22,F,DET,82,83,82.0,83.0,83.0,83.0
Cedric Paquette,21-22,F,MTL,80,83,80.0,83.0,81.0,83.0
Charlie Coyle,21-22,F,BOS,82,83,83.0,83.0,83.0,83.0
Chris Tierney,21-22,F,OTT,82,83,83.0,83.0,83.0,83.0
Claude Giroux,21-22,F,FLA/PHI,82,83,83.0,83.0,83.0,83.0
Colin White (C),21-22,F,OTT,82,83,82.0,83.0,83.0,83.0
Colton Sissons,21-22,F,NSH,82,83,83.0,83.0,83.0,83.0
Danton Heinen,21-22,F,PIT,83,83,83.0,83.0,83.0,83.0
Derek Ryan,21-22,F,EDM,82,83,83.0,83.0,83.0,83.0
Derick Brassard,21-22,F,EDM/PHI,82,83,82.0,83.0,83.0,83.0
Dominic Toninato,21-22,F,WPG,82,83,81.0,83.0,82.0,83.0
Dominik Kubalik,21-22,F,CHI,82,83,82.0,83.0,82.0,83.0
Dominik Simon,21-22,F,ANA/PIT,82,83,82.0,83.0,82.0,83.0
Dryden Hunt,21-22,F,NYR,82,83,83.0,83.0,83.0,83.0
Dustin Brown,21-22,F,L.A,81,83,81.0,83.0,81.0,83.0
Eeli Tolvanen,21-22,F,NSH,83,83,83.0,83.0,83.0,83.0
Filip Forsberg,21-22,F,NSH,82,83,83.0,83.0,83.0,83.0
Filip Zadina,21-22,F,DET,83,83,83.0,83.0,83.0,83.0
Gabriel Vilardi,21-22,F,L.A,82,83,82.0,83.0,82.0,83.0
Gustav Nyquist,21-22,F,CBJ,82,83,82.0,83.0,83.0,83.0
Henrik Borgstrom,21-22,F,CHI,82,83,82.0,83.0,83.0,83.0
Ivan Barbashev,21-22,F,STL,82,83,82.0,83.0,82.0,83.0
Jacob Peterson,21-22,F,DAL,82,83,82.0,83.0,83.0,83.0
James Van Riemsdyk,21-22,F,PHI,82,83,82.0,83.0,82.0,83.0
Jamie Benn,21-22,F,DAL,83,83,83.0,83.0,83.0,83.0
Janne Kuokkanen,21-22,F,N.J,83,83,83.0,83.0,83.0,83.0
Jasper Weatherby,21-22,F,S.J,82,83,82.0,83.0,83.0,83.0
Jesper Fast,21-22,F,CAR,82,83,82.0,83.0,82.0,83.0
Jesperi Kotkaniemi,21-22,F,CAR,82,83,82.0,83.0,82.0,83.0
Joe Thornton,21-22,F,FLA,80,83,80.0,83.0,80.0,83.0
Joel Armia,21-22,F,MTL,82,83,82.0,83.0,83.0,83.0
John Hayden,21-22,F,BUF,82,83,82.0,83.0,82.0,83.0
John Tavares,21-22,F,TOR,83,83,83.0,83.0,83.0,83.0
Jonathan Dahlen,21-22,F,S.J,82,83,82.0,83.0,82.0,83.0
Jonathan Drouin,21-22,F,MTL,82,83,82.0,83.0,83.0,83.0
Jonathan Huberdeau,21-22,F,FLA,82,83,81.0,83.0,82.0,83.0
Jonathan Marchessault,21-22,F,VGK,82,83,82.0,83.0,82.0,83.0
Kaapo Kakko,21-22,F,NYR,82,83,82.0,83.0,82.0,83.0
Kevin Labanc,21-22,F,S.J,82,83,82.0,83.0,83.0,83.0
Kieffer Bellows,21-22,F,NYI,82,83,81.0,83.0,81.0,83.0
Kole Lind,21-22,F,SEA,83,83,83.0,83.0,83.0,83.0
Kyle Clifford,21-22,F,STL/TOR,82,83,83.0,83.0,83.0,83.0
Mackenzie Entwistle,21-22,F,CHI,82,83,82.0,83.0,82.0,83.0
Marcus Foligno,21-22,F,MIN,82,83,82.0,83.0,82.0,83.0
Mathieu Perreault,21-22,F,MTL,81,83,81.0,83.0,82.0,83.0
Mats Zuccarello,21-22,F,MIN,82,83,82.0,83.0,82.0,83.0
Matt Luff,21-22,F,NSH,81,83,81.0,83.0,81.0,83.0
Nate Thompson,21-22,F,PHI,82,83,82.0,83.0,83.0,83.0
Nic Dowd,21-22,F,WSH,83,83,83.0,83.0,83.0,83.0
Nick Ritchie,21-22,F,ARI/TOR,82,83,82.0,83.0,82.0,83.0
Nicolas Roy,21-22,F,VGK,82,83,83.0,83.0,83.0,83.0
Nikita Kucherov,21-22,F,T.B,82,83,82.0,83.0,82.0,83.0
Nino Niederreiter,21-22,F,CAR,82,83,82.0,83.0,82.0,83.0
Noah Cates,21-22,F,PHI,82,83,82.0,83.0,83.0,83.0
Ondrej Palat,21-22,F,T.B,84,83,83.0,83.0,84.0,84.0
Oskar Steen,21-22,F,BOS,83,83,83.0,83.0,83.0,83.0
Patrice Bergeron,21-22,F,BOS,84,83,83.0,83.0,84.0,83.0
Philip Tomasino,21-22,F,NSH,82,83,82.0,83.0,82.0,83.0
Radek Faksa,21-22,F,DAL,82,83,82.0,83.0,83.0,83.0
Rickard Rakell,21-22,F,ANA/PIT,84,83,84.0,83.0,84.0,84.0
Riley Sheahan,21-22,F,SEA,83,83,83.0,83.0,83.0,83.0
Ryan Donato,21-22,F,SEA,83,83,83.0,83.0,83.0,84.0
Ryan Hartman,21-22,F,MIN,82,83,82.0,83.0,82.0,83.0
Ryan Johansen,21-22,F,NSH,82,83,83.0,83.0,83.0,83.0
Ryan Reaves,21-22,F,NYR,82,83,81.0,83.0,82.0,83.0
Ryan Strome,21-22,F,NYR,84,83,84.0,83.0,84.0,83.0
Sam Carrick,21-22,F,ANA,82,83,82.0,83.0,82.0,83.0
Sam Reinhart,21-22,F,FLA,83,83,83.0,83.0,83.0,83.0
Sam Steel,21-22,F,ANA,83,83,83.0,83.0,83.0,83.0
Scott Reedy,21-22,F,S.J,81,83,81.0,83.0,81.0,83.0
Sean Couturier,21-22,F,PHI,83,83,83.0,83.0,83.0,83.0
Steven Stamkos,21-22,F,T.B,82,83,83.0,83.0,83.0,84.0
Tomas Nosek,21-22,F,BOS,82,83,82.0,83.0,82.0,83.0
Tomas Tatar,21-22,F,N.J,83,83,83.0,83.0,83.0,84.0
Tyler Bozak,21-22,F,STL,82,83,82.0,83.0,82.0,83.0
Tyler Johnson,21-22,F,CHI,82,83,81.0,83.0,82.0,83.0
Victor Olofsson,21-22,F,BUF,82,83,82.0,83.0,82.0,83.0
Wayne Simmonds,21-22,F,TOR,82,83,82.0,83.0,82.0,83.0
Adam Ruzicka,22-23,F,CGY,83,83,83.0,83.0,83.0,83.0
Alex Killorn,22-23,F,T.B,82,83,82.0,83.0,82.0,83.0
Alex Ovechkin,22-23,F,WSH,80,83,81.0,83.0,81.0,83.0
Andrew Copp,22-23,F,DET,83,83,83.0,83.0,83.0,83.0
Austin Watson,22-23,F,OTT,82,83,82.0,83.0,82.0,83.0
Brady Tkachuk,22-23,F,OTT,82,83,82.0,83.0,82.0,83.0
Brock Boeser,22-23,F,VAN,82,83,82.0,83.0,82.0,83.0
Chris Tierney,22-23,F,FLA/MTL,82,83,82.0,83.0,82.0,83.0
Claude Giroux,22-23,F,OTT,82,83,82.0,83.0,82.0,83.0
Clayton Keller,22-23,F,ARI,82,83,83.0,83.0,83.0,83.0
Cody Glass,22-23,F,NSH,83,83,83.0,83.0,83.0,83.0
Cole Sillinger,22-23,F,CBJ,82,83,82.0,83.0,83.0,83.0
Derek Ryan,22-23,F,EDM,82,83,82.0,83.0,82.0,83.0
Derick Brassard,22-23,F,OTT,82,83,82.0,83.0,82.0,83.0
Dominik Kubalik,22-23,F,DET,82,83,82.0,83.0,82.0,83.0
Eeli Tolvanen,22-23,F,NSH/SEA,82,83,83.0,83.0,83.0,83.0
Evgeni Malkin,22-23,F,PIT,83,83,83.0,83.0,83.0,83.0
Evgeny Svechnikov,22-23,F,S.J,81,83,81.0,83.0,82.0,83.0
Filip Zadina,22-23,F,DET,83,83,83.0,83.0,83.0,83.0
Givani Smith,22-23,F,DET/FLA,81,83,81.0,83.0,81.0,83.0
Hudson Fasching,22-23,F,NYI,82,83,81.0,83.0,82.0,83.0
Ivan Barbashev,22-23,F,STL/VGK,82,83,82.0,83.0,82.0,83.0
Jaden Schwartz,22-23,F,SEA,82,83,82.0,83.0,83.0,83.0
Jakob Silfverberg,22-23,F,ANA,82,83,81.0,83.0,82.0,83.0
Jesper Fast,22-23,F,CAR,82,83,81.0,83.0,82.0,83.0
Jimmy Vesey,22-23,F,NYR,82,83,83.0,83.0,83.0,84.0
Joel Farabee,22-23,F,PHI,82,83,82.0,83.0,83.0,83.0
Joey Anderson,22-23,F,CHI/TOR,82,83,82.0,83.0,82.0,83.0
Jonatan Berggren,22-23,F,DET,82,83,83.0,83.0,83.0,83.0
Jordan Eberle,22-23,F,SEA,83,83,83.0,83.0,83.0,83.0
Josh Leivo,22-23,F,STL,82,83,82.0,83.0,82.0,83.0
Jujhar Khaira,22-23,F,CHI,82,83,82.0,83.0,83.0,83.0
Kevin Labanc,22-23,F,S.J,82,83,82.0,83.0,83.0,83.0
Kyle Okposo,22-23,F,BUF,82,83,82.0,83.0,82.0,83.0
Liam O'Brien,22-23,F,ARI,82,83,82.0,83.0,82.0,83.0
Mackenzie Entwistle,22-23,F,CHI,82,83,82.0,83.0,82.0,83.0
Marcus Foligno,22-23,F,MIN,82,83,82.0,83.0,83.0,83.0
Mason Marchment,22-23,F,DAL,82,83,82.0,83.0,82.0,83.0
Max Comtois,22-23,F,ANA,82,83,82.0,83.0,82.0,83.0
Michael McCarron,22-23,F,NSH,82,83,82.0,83.0,83.0,83.0
Milan Lucic,22-23,F,CGY,82,83,83.0,83.0,83.0,84.0
Morgan Geekie,22-23,F,SEA,82,83,82.0,83.0,82.0,83.0
Nathan Bastian,22-23,F,N.J,82,83,81.0,83.0,82.0,83.0
Nic Dowd,22-23,F,WSH,83,83,83.0,83.0,83.0,83.0
Nick Ritchie,22-23,F,ARI/CGY,82,83,82.0,83.0,82.0,83.0
Ondrej Palat,22-23,F,N.J,82,83,82.0,83.0,82.0,83.0
Patrice Bergeron,22-23,F,BOS,83,83,83.0,83.0,83.0,83.0
Patrick Kane,22-23,F,CHI/NYR,84,83,84.0,83.0,84.0,84.0
Phillip Danault,22-23,F,L.A,83,83,83.0,83.0,83.0,83.0
Radek Faksa,22-23,F,DAL,82,83,82.0,83.0,83.0,83.0
Rafael Harvey-Pinard,22-23,F,MTL,83,83,83.0,83.0,83.0,83.0
Ridly Greig,22-23,F,OTT,82,83,82.0,83.0,82.0,83.0
Ryan Johansen,22-23,F,NSH,82,83,82.0,83.0,82.0,83.0
Shane Pinto,22-23,F,OTT,83,83,83.0,83.0,83.0,83.0
Steven Stamkos,22-23,F,T.B,82,83,83.0,83.0,83.0,83.0
Thomas Novak,22-23,F,NSH,82,83,82.0,83.0,83.0,83.0
Tomas Tatar,22-23,F,N.J,82,83,82.0,83.0,83.0,83.0
Tyler Bertuzzi,22-23,F,BOS/DET,81,83,81.0,83.0,81.0,83.0
Tyler Seguin,22-23,F,DAL,84,83,83.0,83.0,84.0,83.0
Tyler Toffoli,22-23,F,CGY,82,83,82.0,83.0,82.0,83.0
Tyson Jost,22-23,F,BUF/MIN,83,83,83.0,83.0,83.0,83.0
Victor Olofsson,22-23,F,BUF,82,83,82.0,83.0,82.0,83.0
Zack Kassian,22-23,F,ARI,82,83,81.0,83.0,81.0,83.0
A.J. Greer,22-23,F,BOS,82,83,82.0,83.0,82.0,83.0
A.J. Greer,23-24,F,CGY,82,83,82.0,83.0,82.0,83.0
Adam Henrique,23-24,F,ANA/EDM,82,83,82.0,83.0,82.0,83.0
Anders Lee,23-24,F,NYI,82,83,83.0,83.0,83.0,84.0
Arthur Kaliyev,23-24,F,L.A,82,83,82.0,83.0,83.0,84.0
Austin Watson,23-24,F,T.B,82,83,81.0,83.0,82.0,83.0
Brady Tkachuk,23-24,F,OTT,82,83,83.0,83.0,83.0,84.0
Chris Tierney,23-24,F,N.J,82,83,81.0,83.0,82.0,83.0
Cody Glass,23-24,F,NSH,83,83,83.0,83.0,83.0,83.0
Cole Guttman,23-24,F,CHI,82,83,82.0,83.0,82.0,83.0
Connor Zary,23-24,F,CGY,82,83,82.0,83.0,83.0,83.0
Danton Heinen,23-24,F,BOS,84,83,83.0,83.0,84.0,84.0
Derek Ryan,23-24,F,EDM,82,83,82.0,83.0,82.0,83.0
Dmitri Voronkov,23-24,F,CBJ,82,83,82.0,83.0,82.0,83.0
Dominik Kubalik,23-24,F,OTT,82,83,81.0,83.0,82.0,83.0
Evgeni Malkin,23-24,F,PIT,84,83,83.0,83.0,84.0,83.0
Filip Forsberg,23-24,F,NSH,83,83,83.0,83.0,84.0,84.0
Frederick Gaudreau,23-24,F,MIN,83,83,83.0,83.0,84.0,84.0
Fredrik Olofsson,23-24,F,COL,82,83,82.0,83.0,82.0,83.0
Gustav Nyquist,23-24,F,NSH,83,83,83.0,83.0,83.0,84.0
Ivan Barbashev,23-24,F,VGK,82,83,82.0,83.0,82.0,83.0
Ivan Miroshnichenko,23-24,F,WSH,82,83,82.0,83.0,82.0,83.0
Jack McBain,23-24,F,ARI,83,83,83.0,83.0,83.0,83.0
Jakob Silfverberg,23-24,F,ANA,82,83,81.0,83.0,82.0,83.0
Jason Zucker,23-24,F,ARI/NSH,82,83,82.0,83.0,83.0,84.0
Jesper Fast,23-24,F,CAR,82,83,81.0,83.0,82.0,83.0
Jesperi Kotkaniemi,23-24,F,CAR,82,83,82.0,83.0,83.0,83.0
Joel Armia,23-24,F,MTL,83,83,83.0,83.0,83.0,83.0
Joel Farabee,23-24,F,PHI,83,83,83.0,83.0,83.0,84.0
Justin Brazeau,23-24,F,BOS,81,83,81.0,83.0,81.0,83.0
Kaapo Kakko,23-24,F,NYR,80,83,80.0,82.0,81.0,83.0
Kent Johnson,23-24,F,CBJ,82,83,82.0,83.0,82.0,83.0
Kevin Labanc,23-24,F,S.J,82,83,82.0,83.0,83.0,83.0
Kevin Stenlund,23-24,F,FLA,82,83,82.0,83.0,82.0,83.0
Klim Kostin,23-24,F,DET/S.J,82,83,81.0,83.0,82.0,83.0
Kyle Palmieri,23-24,F,NYI,82,83,82.0,83.0,82.0,83.0
Lawson Crouse,23-24,F,ARI,82,83,82.0,83.0,83.0,84.0
Liam O'Brien,23-24,F,ARI,82,83,82.0,83.0,82.0,83.0
Luke Kunin,23-24,F,S.J,82,83,82.0,83.0,82.0,83.0
Marco Rossi,23-24,F,MIN,83,83,83.0,83.0,84.0,84.0
Mason McTavish,23-24,F,ANA,82,83,82.0,83.0,82.0,83.0
Mathieu Olivier,23-24,F,CBJ,82,83,82.0,83.0,82.0,83.0
Mats Zuccarello,23-24,F,MIN,81,83,81.0,83.0,82.0,83.0
Max Pacioretty,23-24,F,WSH,82,83,82.0,83.0,82.0,83.0
Michael Bunting,23-24,F,CAR/PIT,82,83,81.0,83.0,82.0,83.0
Michael McCarron,23-24,F,NSH,83,83,83.0,83.0,84.0,84.0
Michael Pezzetta,23-24,F,MTL,82,83,82.0,83.0,83.0,84.0
Mitch Marner,23-24,F,TOR,83,83,83.0,83.0,83.0,83.0
Nathan Bastian,23-24,F,N.J,82,83,81.0,83.0,82.0,83.0
Nic Dowd,23-24,F,WSH,84,83,83.0,83.0,84.0,84.0
Nicholas Robertson,23-24,F,TOR,83,83,83.0,83.0,83.0,83.0
Nicolas Roy,23-24,F,VGK,82,83,81.0,83.0,82.0,83.0
Oliver Bjorkstrand,23-24,F,SEA,82,83,83.0,83.0,83.0,83.0
Philip Tomasino,23-24,F,NSH,83,83,82.0,83.0,83.0,83.0
Radek Faksa,23-24,F,DAL,82,83,82.0,83.0,83.0,83.0
Rafael Harvey-Pinard,23-24,F,MTL,82,83,82.0,83.0,82.0,83.0
Ryan Donato,23-24,F,CHI,82,83,82.0,83.0,82.0,83.0
Ryan O'Reilly,23-24,F,NSH,82,83,82.0,83.0,83.0,83.0
Ryan Strome,23-24,F,ANA,82,83,82.0,83.0,83.0,83.0
Sam Reinhart,23-24,F,FLA,84,83,84.0,83.0,84.0,84.0
Taylor Raddysh,23-24,F,CHI,82,83,83.0,83.0,83.0,84.0
Teuvo Teravainen,23-24,F,CAR,81,83,80.0,82.0,81.0,83.0
Tomas Hertl,23-24,F,S.J/VGK,82,83,82.0,83.0,82.0,83.0
Trevor Zegras,23-24,F,ANA,82,83,82.0,83.0,83.0,83.0
Tyler Johnson,23-24,F,CHI,81,83,81.0,83.0,82.0,83.0
Tyler Toffoli,23-24,F,N.J/WPG,82,83,81.0,83.0,82.0,83.0
Tyson Foerster,23-24,F,PHI,83,83,83.0,83.0,83.0,83.0
Tyson Jost,23-24,F,BUF,82,83,82.0,83.0,82.0,83.0
Zach Sanford,23-24,F,ARI/CHI,82,83,82.0,83.0,83.0,83.0
A.J. Greer,24-25,F,FLA,82,83,82.0,83.0,82.0,83.0
Alex Holtz,24-25,F,VGK,83,83,83.0,83.0,83.0,83.0
Alex Killorn,24-25,F,ANA,82,83,82.0,83.0,83.0,83.0
Alex Texier,24-25,F,STL,82,83,82.0,83.0,83.0,84.0
Anze Kopitar,24-25,F,L.A,84,83,84.0,83.0,84.0,84.0
Barclay Goodrow,24-25,F,S.J,82,83,82.0,83.0,83.0,83.0
Brady Tkachuk,24-25,F,OTT,82,83,82.0,83.0,83.0,83.0
Calle Jarnkrok,24-25,F,TOR,82,83,82.0,83.0,82.0,83.0
Cam Atkinson,24-25,F,T.B,81,83,81.0,83.0,81.0,83.0
Cole Perfetti,24-25,F,WPG,82,83,81.0,83.0,82.0,83.0
Colton Dach,24-25,F,CHI,83,83,83.0,83.0,83.0,83.0
Derek Ryan,24-25,F,EDM,83,83,82.0,83.0,83.0,83.0
Devin Shore,24-25,F,MIN,82,83,81.0,83.0,82.0,83.0
Eeli Tolvanen,24-25,F,SEA,82,83,82.0,83.0,82.0,83.0
Elias Lindholm,24-25,F,BOS,83,83,83.0,83.0,84.0,84.0
Gustav Nyquist,24-25,F,MIN/NSH,82,83,82.0,83.0,83.0,83.0
Jack Quinn,24-25,F,BUF,83,83,83.0,83.0,83.0,83.0
Jackson Blake,24-25,F,CAR,82,83,82.0,83.0,82.0,83.0
Jaden Schwartz,24-25,F,SEA,83,83,83.0,83.0,83.0,83.0
Jake Neighbours,24-25,F,STL,82,83,82.0,83.0,83.0,83.0
Jakob Pelletier,24-25,F,CGY/PHI,82,83,82.0,83.0,83.0,84.0
Jimmy Vesey,24-25,F,COL/NYR,82,83,81.0,83.0,82.0,83.0
Joel Armia,24-25,F,MTL,82,83,82.0,83.0,83.0,83.0
Joel Farabee,24-25,F,CGY/PHI,83,83,83.0,83.0,83.0,84.0
Jonah Gadjovich,24-25,F,FLA,82,83,82.0,83.0,82.0,83.0
Jonatan Berggren,24-25,F,DET,83,83,83.0,83.0,83.0,84.0
Jonathan Lekkerimaki,24-25,F,VAN,82,83,82.0,83.0,83.0,83.0
Jordan Eberle,24-25,F,SEA,82,83,82.0,83.0,83.0,83.0
Justin Kirkland,24-25,F,CGY,82,83,83.0,83.0,83.0,83.0
Juuso Parssinen,24-25,F,COL/NSH/NYR,82,83,82.0,83.0,83.0,83.0
Kent Johnson,24-25,F,CBJ,83,83,83.0,83.0,84.0,84.0
Kevin Labanc,24-25,F,CBJ,82,83,82.0,83.0,82.0,83.0
Kieffer Bellows,24-25,F,NSH,82,83,81.0,82.0,82.0,83.0
Luke Evangelista,24-25,F,NSH,82,83,82.0,83.0,83.0,83.0
Mason McTavish,24-25,F,ANA,82,83,82.0,83.0,83.0,83.0
Mathieu Olivier,24-25,F,CBJ,82,83,82.0,83.0,83.0,83.0
Mats Zuccarello,24-25,F,MIN,82,83,81.0,83.0,82.0,83.0
Matthew Poitras,24-25,F,BOS,83,83,83.0,83.0,83.0,84.0
Matvei Michkov,24-25,F,PHI,82,83,82.0,83.0,83.0,83.0
Nathan Bastian,24-25,F,N.J,82,83,82.0,83.0,82.0,83.0
Nick Cousins,24-25,F,OTT,82,83,82.0,83.0,82.0,83.0
Oliver Bjorkstrand,24-25,F,SEA/T.B,82,83,82.0,83.0,83.0,83.0
Olle Lycksell,24-25,F,PHI,82,83,82.0,83.0,83.0,83.0
Oskar Back,24-25,F,DAL,82,83,82.0,83.0,82.0,83.0
Patrik Laine,24-25,F,MTL,83,83,82.0,83.0,83.0,84.0
Philip Tomasino,24-25,F,NSH/PIT,84,83,83.0,83.0,84.0,84.0
Phillip Danault,24-25,F,L.A,83,83,83.0,83.0,83.0,83.0
Radek Faksa,24-25,F,STL,82,83,82.0,83.0,83.0,83.0
Ryan Donato,24-25,F,CHI,82,83,82.0,83.0,83.0,84.0
Sam Carrick,24-25,F,NYR,82,83,82.0,83.0,82.0,83.0
Sean Couturier,24-25,F,PHI,82,83,82.0,83.0,82.0,83.0
Teddy Blueger,24-25,F,VAN,82,83,83.0,83.0,83.0,84.0
Tomas Tatar,24-25,F,N.J,82,83,82.0,83.0,82.0,83.0
Tyson Foerster,24-25,F,PHI,82,83,83.0,83.0,83.0,83.0
Victor Olofsson,24-25,F,VGK,82,83,83.0,83.0,83.0,83.0
Vladimir Tarasenko,24-25,F,DET,82,83,82.0,83.0,83.0,83.0
Will Smith,24-25,F,S.J,82,83,82.0,83.0,82.0,83.0
Zach Benson,24-25,F,BUF,83,83,83.0,83.0,83.0,83.0
A.J. Greer,25-26,F,FLA,82,83,83.0,83.0,83.0,84.0
Adam Gaudette,25-26,F,S.J,82,83,82.0,83.0,82.0,83.0
Adam Henrique,25-26,F,EDM,82,83,82.0,83.0,82.0,83.0
Alex Texier,25-26,F,MTL/STL,82,83,82.0,83.0,82.0,83.0
Artemi Panarin,25-26,F,L.A/NYR,83,83,83.0,83.0,83.0,83.0
Ben Jones,25-26,F,MIN,82,83,81.0,83.0,82.0,83.0
Brady Tkachuk,25-26,F,OTT,82,83,82.0,83.0,82.0,83.0
Calle Jarnkrok,25-26,F,TOR,82,83,82.0,83.0,83.0,83.0
Cody Glass,25-26,F,N.J,83,83,83.0,83.0,83.0,84.0
Colton Dach,25-26,F,CHI/EDM,83,83,83.0,83.0,83.0,84.0
Connor Zary,25-26,F,CGY,82,83,82.0,82.0,83.0,83.0
Eeli Tolvanen,25-26,F,SEA,82,83,82.0,83.0,82.0,83.0
Filip Forsberg,25-26,F,NSH,83,83,83.0,83.0,83.0,83.0
Gabe Perreault,25-26,F,NYR,83,83,83.0,83.0,83.0,83.0
Jack Finley,25-26,F,STL/T.B,82,83,82.0,83.0,82.0,83.0
Jackson Blake,25-26,F,CAR,83,83,83.0,83.0,83.0,83.0
Jaden Schwartz,25-26,F,SEA,82,83,83.0,83.0,83.0,83.0
Jake Neighbours,25-26,F,STL,82,83,82.0,83.0,83.0,83.0
Jani Nyman,25-26,F,SEA,82,83,82.0,83.0,83.0,83.0
Jared McCann,25-26,F,SEA,82,83,82.0,83.0,83.0,83.0
Jason Robertson,25-26,F,DAL,82,83,81.0,83.0,82.0,83.0
Jason Zucker,25-26,F,BUF,82,83,81.0,83.0,82.0,83.0
Jesperi Kotkaniemi,25-26,F,CAR,82,83,82.0,83.0,82.0,83.0
Kent Johnson,25-26,F,CBJ,83,83,83.0,83.0,84.0,84.0
Liam O'Brien,25-26,F,UTA,82,83,82.0,83.0,83.0,83.0
Luke Evangelista,25-26,F,NSH,82,83,83.0,83.0,83.0,84.0
Luke Kunin,25-26,F,FLA,82,83,82.0,83.0,83.0,84.0
Marco Rossi,25-26,F,MIN/VAN,82,83,82.0,83.0,83.0,83.0
Matthew Wood,25-26,F,NSH,83,83,83.0,83.0,83.0,83.0
Nils Hoglander,25-26,F,VAN,82,83,82.0,83.0,83.0,84.0
Nino Niederreiter,25-26,F,WPG,83,83,83.0,83.0,83.0,83.0
Noah Ostlund,25-26,F,BUF,84,83,84.0,83.0,84.0,83.0
Oliver Bjorkstrand,25-26,F,T.B,82,83,82.0,83.0,83.0,83.0
Oskar Back,25-26,F,DAL,82,83,82.0,83.0,82.0,83.0
Ozzy Wiesblatt,25-26,F,NSH,82,83,82.0,83.0,82.0,83.0
Phillip Danault,25-26,F,L.A/MTL,82,83,82.0,83.0,83.0,83.0
Radek Faksa,25-26,F,DAL,82,83,82.0,83.0,83.0,83.0
Robby Fabbri,25-26,F,MIN/STL,82,83,82.0,83.0,82.0,83.0
Sam Carrick,25-26,F,BUF/NYR,82,83,81.0,83.0,82.0,83.0
Sean Couturier,25-26,F,PHI,82,83,82.0,83.0,83.0,83.0
Trent Frederic,25-26,F,EDM,83,83,83.0,83.0,83.0,84.0
Vladimir Tarasenko,25-26,F,MIN,82,83,81.0,83.0,82.0,83.0
Yegor Sharangovich,25-26,F,CGY,84,83,83.0,83.0,84.0,84.0
Aaron Ekblad,21-22,D,FLA,84,83,83.95218046873245,83.17666725926408,84.22132780164617,83.4525695653291
Adam Larsson,21-22,D,SEA,84,83,83.5768433865515,82.8956100790869,83.97833730807524,83.30718056585447
Adam Pelech,21-22,D,NYI,83,83,83.10706302400416,82.6144719747636,83.36150184855278,82.87529662305371
Alec Regula,21-22,D,CHI,82,83,82.23524528646836,82.36777057240631,82.5270565385676,82.6669056094075
Alex Carrier,21-22,D,NSH,84,83,83.80660751799242,83.33868384692526,84.07601977275597,83.61485772376346
Alex Romanov,21-22,D,MTL,83,83,83.02412346393272,82.80753435885256,83.31797550752239,83.10876140647224
Alex Vlasic,21-22,D,CHI,83,83,83.04056051164032,82.984540993927,83.62810897502861,83.5868355595795
Braden Schneider,21-22,D,NYR,83,83,82.63089653364867,83.07178566638412,82.87087457030275,83.31778659457852
Brenden Dillon,21-22,D,WPG,82,83,82.1618042185322,83.18345220558679,82.59963220640162,83.6322686594051
Calen Addison,21-22,D,MIN,83,83,82.62609425262748,82.5218531558056,82.8613613018897,82.76302486176256
Chad Ruhwedel,21-22,D,PIT,82,83,81.99887870189885,82.3212588242849,82.38151648307402,82.71349992536125
Colin Miller,21-22,D,BUF,83,83,82.95854157444204,82.43107836354281,83.36809135788866,82.85090689566347
Dmitry Orlov,21-22,D,WSH,83,83,82.70752828977139,82.48490346678123,82.94491266353415,82.72824563716769
Drew Doughty,21-22,D,L.A,84,83,84.03797512848126,82.96793598957258,84.33916852835004,83.27668864446885
Dylan Coghlan,21-22,D,VGK,83,83,82.3943671317516,82.70099184170475,82.68956748765743,83.00360104114924
Erik Johnson,21-22,D,COL,83,83,83.01642527102571,83.34359469400667,83.30123014757993,83.63554751170396
Ethan Bear,21-22,D,CAR,84,83,84.27505905345159,82.74560627472582,84.6544952368007,83.13456542530412
Jani Hakanpaa,21-22,D,DAL,83,83,82.66762039690529,82.7164359200154,82.92755594583092,82.9828952477021
Jeremy Lauzon,21-22,D,NSH/SEA,84,83,83.56696872661283,82.94269758427822,83.80378718403959,83.18545963514259
Jordan Spence,21-22,D,L.A,84,83,83.94700482731152,82.40143525433562,84.32070862561956,82.78451815031774
Justin Braun,21-22,D,NYR/PHI,82,83,81.56967112270458,82.77910566538515,81.94376276271296,83.16258613699381
Justin Holl,21-22,D,TOR,85,83,84.85232815734669,82.99033025708333,85.28067045612528,83.42942295303844
Kevin Connauton,21-22,D,FLA/PHI,83,83,82.61493556447385,82.39240973832612,82.84507747393465,82.62832767537216
Libor Hajek,21-22,D,NYR,83,83,83.15222291811169,82.41963193888779,83.66068419481007,82.94085441308866
Mark Borowiecki,21-22,D,NSH,82,83,81.79869102998353,82.80526195785076,82.23290823696118,83.25037700856039
Mark Friedman,21-22,D,PIT,83,83,83.19404697167263,82.78120985175777,83.42144331880367,83.01431331923419
Mark Giordano,21-22,D,SEA/TOR,82,83,82.05437636351255,82.36403818663686,82.35923978510439,82.67655297228043
Mark Pysyk,21-22,D,BUF,82,83,82.0985141335178,82.63652421999879,82.4279513411338,82.97422953664044
Matt Roy,21-22,D,L.A,83,83,82.58549679899419,82.56106733213974,82.82982823743846,82.81153092240154
Mattias Ekholm,21-22,D,NSH,84,83,83.44328661510716,82.71416140640102,83.68050619005484,82.95733464190478
Mike Reilly,21-22,D,BOS,83,83,82.62377401406334,82.86842565728105,82.91513746944732,83.16710165890908
Mikhail Sergachev,21-22,D,T.B,83,83,83.21837168546027,83.15007966528786,83.69763627571731,83.64137268400643
Nate Schmidt,21-22,D,WPG,81,83,81.19511079585699,82.61221528624483,81.73091233652478,83.16146420156228
Nick Seeler,21-22,D,PHI,82,83,81.62635884050405,82.79302215132232,81.99146199759237,83.16728854995901
Nils Lundkvist,21-22,D,NYR,83,83,83.10678771255063,83.29831796961693,83.420266279928,83.61966412120265
Oliver Ekman-Larsson,21-22,D,VAN,84,83,83.90628876863407,82.38985544087346,84.31461737962623,82.80843215194636
Philip Broberg,21-22,D,EDM,82,83,81.94689169963326,82.8808704280009,82.47953080842169,83.42687754174132
Radim Simek,21-22,D,S.J,82,83,81.80729121596461,83.18906952731652,82.2044277085222,83.59617322376795
Rasmus Dahlin,21-22,D,BUF,84,83,83.59587106281118,82.56398741614203,83.9106482883605,82.88666481920458
Roman Josi,21-22,D,NSH,84,83,84.28725405490225,82.55459985260757,84.6741616249369,82.95121790433018
Ryan McDonagh,21-22,D,T.B,82,83,82.29481301066672,83.18501556522224,82.68781320878242,83.58787915584492
Ryan Merkley,21-22,D,S.J,82,83,81.77877483085575,82.50733227776279,82.62186882336015,83.37158597198798
Ryan Pulock,21-22,D,NYI,83,83,82.74561147405964,83.20065524673082,83.14354464939447,83.60857562084746
Vince Dunn,21-22,D,SEA,83,83,83.24322281340866,82.5670889573977,83.47776899284412,82.80752170136894
Zach Bogosian,21-22,D,T.B,83,83,82.63421842746882,82.86403455989424,82.92406782569338,83.16115850504347
Zach Whitecloud,21-22,D,VGK,83,83,82.8521485174539,82.2799103724675,83.28863987953635,82.72735665429494
Braden Schneider,22-23,D,NYR,83,83,82.27554042610123,83.16894055277663,82.88616370063468,83.79146614816645
Brent Burns,22-23,D,CAR,84,83,83.30697360428647,82.87533434456407,83.85058202835928,83.42953883032233
Caleb Jones,22-23,D,CHI,84,83,83.37683127215124,82.4565300750599,84.06816470619982,83.16133903926588
Chad Ruhwedel,22-23,D,PIT,83,83,82.19524286289192,82.57728537495684,82.81687310082283,83.21103248241182
Christian Wolanin,22-23,D,VAN,83,83,82.95540744012449,82.68294429144224,83.21534323162165,82.94940386778846
Colin Miller,22-23,D,DAL,84,83,83.30944131623329,82.26121204243684,83.83696046942642,82.79901364387759
Connor Clifton,22-23,D,BOS,83,83,82.81793104462346,83.03045966419819,83.41459728188114,83.63875617055334
Erik Brannstrom,22-23,D,OTT,84,83,83.3128261000609,82.57600041587557,83.71751158086498,82.98857406052686
Erik Cernak,22-23,D,T.B,83,83,82.67957733246892,82.43972409634081,83.26261887757285,83.03413033688271
Erik Gustafsson (D),22-23,D,TOR/WSH,84,83,83.75055252173722,83.16952677621808,84.20607451081256,83.63392783868811
Guillaume Brisebois,22-23,D,VAN,85,83,84.36384882337414,83.30423015944773,84.74433696131088,83.69426766623138
Jake Christiansen,22-23,D,CBJ,82,83,81.64664450302669,82.42581036962254,82.0793376624518,82.86936312272458
Jan Rutta,22-23,D,PIT,83,83,82.19362490605045,82.76742563969259,82.9069046572679,83.49460870055022
Janis Moser,22-23,D,ARI,82,83,81.92914408289741,82.26635680257085,82.6427177071854,82.99383946469793
Jaycob Megna,22-23,D,S.J/SEA,82,83,81.74353919092096,82.45017465379955,82.42281412038345,83.14269006802137
Jeremy Lauzon,22-23,D,NSH,84,83,83.38132621178866,83.26153438645112,83.82971887320092,83.7186671557963
Jonas Siegenthaler,22-23,D,N.J,85,83,84.45066834459547,82.13137314744989,85.30460621219214,83.00195604466698
Josh Manson,22-23,D,COL,84,83,83.88046606954218,83.03033824895185,84.3755072242101,83.53502878795493
Josh Morrissey,22-23,D,WPG,84,83,84.26155599446487,82.85464715919403,84.72944674309016,83.33165807412827
Justin Braun,22-23,D,PHI,81,83,80.9054303624343,82.35406252711309,81.6509160738298,83.1140793094666
Kale Clague,22-23,D,BUF,83,83,82.43620188275672,82.4681410475313,82.94340339882608,82.9852289787356
Mark Friedman,22-23,D,PIT,82,83,81.84606444043779,82.79707248712045,82.89142215907455,83.86280640741182
Matt Benning,22-23,D,S.J,83,83,83.1070823230773,82.60275912005973,83.58706850596367,83.0921012344895
Matt Dumba,22-23,D,MIN,83,83,82.338065987084,83.01784820812907,82.92772477232984,83.61900067262114
Mikhail Sergachev,22-23,D,T.B,84,83,83.51357209957155,83.06187514206374,84.13496816064155,83.69538350806248
Nate Schmidt,22-23,D,WPG,82,83,81.35080665697498,82.95834498792594,82.13860695661137,83.76150115807707
Owen Power,22-23,D,BUF,86,83,85.6413802858624,82.88989396411112,86.23731604644742,83.5007863286464
Rasmus Sandin,22-23,D,TOR/WSH,84,83,83.76044862753335,82.3024108629305,84.34520692587694,82.89856731981239
Tim Berni,22-23,D,CBJ,83,83,82.99377204689291,82.7871468207329,83.2304240754447,83.02973826574393
Trevor Van Riemsdyk,22-23,D,WSH,83,83,82.58113675918453,82.71596109138606,83.06875015443158,83.21307908844922
Tyler Myers,22-23,D,VAN,84,83,83.98493785244712,82.99877332958556,84.47672954282473,83.50015106546371
Vince Dunn,22-23,D,SEA,84,83,84.12200153623306,83.12611852727836,84.47566548347707,83.48667612229342
Adam Boqvist,23-24,D,CBJ,84,83,83.32565795120736,82.6052548046529,84.13380893832728,83.41795499235639
Adam Larsson,23-24,D,SEA,84,83,83.86365250850218,82.47326863382595,85.00151213290964,83.61753343715402
Alex Romanov,23-24,D,NYI,84,83,83.44753602620267,82.74320388053646,84.1929192348598,83.49278296073473
Ben Chiarot,23-24,D,DET,84,83,83.49373262325575,82.70917761108996,84.58145036592377,83.80301827666294
Brayden Pachal,23-24,D,CGY/VGK,82,83,81.61242099957947,82.44858697905285,82.02062627762655,82.8670372618101
Chris Tanev,23-24,D,CGY/DAL,85,83,84.91792335508235,82.79681750890416,85.80395067961821,83.68783241136305
Colin Miller,23-24,D,N.J/WPG,84,83,83.40225466413925,82.55570537026641,84.22104391594722,83.37910370701212
Damon Severson,23-24,D,CBJ,83,83,82.66969298113052,82.54825414336912,83.51434806036319,83.3976639100805
Darren Raddysh,23-24,D,T.B,82,83,82.09820373935341,82.50629063639842,82.47046554764577,82.8858086035528
Drew Doughty,23-24,D,L.A,84,83,83.30928800211294,82.33923239135507,84.02788405934217,83.06187353131638
Erik Brannstrom,23-24,D,OTT,84,83,83.24572592358071,82.2407196897477,83.79709784826008,82.79519536796013
Erik Gudbranson,23-24,D,CBJ,85,83,84.00799864137326,82.41637971138658,85.12237060503863,83.53702463848107
Erik Gustafsson (D),23-24,D,NYR,84,83,83.23063839840343,82.56041394515861,83.8717315919341,83.20511594642028
Filip Hronek,23-24,D,VAN,85,83,84.44420863035371,82.5519892338098,85.17093670448153,83.282808166987
Henri Jokiharju,23-24,D,BUF,84,83,83.48316817749271,82.88123490187671,84.50117565320588,83.90497289116519
Jacob Middleton,23-24,D,MIN,83,83,82.26014738949668,82.33128037685049,83.00803427119239,83.08337722363055
Jake Bean,23-24,D,CBJ,83,83,82.02606806787034,82.2625059542304,83.16980857644675,83.41268474608805
Jake Walman,23-24,D,DET,83,83,82.21056904682871,83.0055925821062,83.14075033288596,83.94100999521991
Jamie Oleksiak,23-24,D,SEA,84,83,83.36056229398521,82.46241515037558,84.54121129002532,83.64971019299283
Janis Moser,23-24,D,ARI,83,83,82.73779757319804,82.12922450585016,83.8600447064092,83.2577889329763
Jayden Struble,23-24,D,MTL,81,83,80.97727997686519,82.64027031779817,81.4448339869148,83.11955884793566
John Klingberg,23-24,D,TOR,88,83,87.26025359369613,82.62607716823841,88.85432682136492,84.22912366819561
Jonas Brodin,23-24,D,MIN,85,83,84.31521083381999,83.04797053081539,84.90843740709224,83.64453646358398
Jordan Spence,23-24,D,L.A,84,83,83.74501155451586,82.84799524979513,84.42190704124323,83.53808484098145
Juuso Valimaki,23-24,D,ARI,84,83,83.64603880783815,82.41424847803968,84.08166024238103,82.85836108267398
Kaedan Korczak,23-24,D,VGK,84,83,83.82821854491296,83.23374731152916,84.08300104733576,83.49492426321014
Kris Letang,23-24,D,PIT,85,83,85.02631198196171,82.97108030514522,85.93026243914346,83.8801192321957
Matt Benning,23-24,D,S.J,83,83,82.87715902565162,82.26449640226734,83.77130691973134,83.16367758614857
Matt Roy,23-24,D,L.A,83,83,82.68253631604087,82.80999778633469,83.424374893648,83.55601228223425
Mikhail Sergachev,23-24,D,T.B,84,83,83.29397862499584,82.65126774447965,84.20750330800111,83.56993479207675
Nate Schmidt,23-24,D,WPG,82,83,81.05443913704094,82.26794582474045,82.27223676191286,83.4925986112765
Oliver Ekman-Larsson,23-24,D,FLA,85,83,84.56361577286512,82.86217248029325,85.74218223949681,84.04737327063825
Owen Power,23-24,D,BUF,86,83,85.40586910265611,82.18481878916712,86.2523099097168,83.04775849250598
Pavel Mintyukov,23-24,D,ANA,83,83,83.34142802097817,83.10235849947493,83.58763729850354,83.35474705821883
Roman Josi,23-24,D,NSH,86,83,85.39014952105497,82.85279609920543,86.56322504090163,84.0324750334196
Ryan Pulock,23-24,D,NYI,83,83,82.55417271166887,82.26777780735019,83.53581307652641,83.25494396997553
Ryker Evans,23-24,D,SEA,84,83,84.16252954192267,83.30496566525676,84.43340478700193,83.58263925007086
Sean Durzi,23-24,D,ARI,84,83,83.2943737144526,82.3765353589169,84.62176836259911,83.7114021064659
Tony Deangelo,23-24,D,CAR,83,83,82.76077392463758,81.87271410626117,84.10078771653635,83.22027103257574
Torey Krug,23-24,D,STL,83,83,82.55768894160727,82.25631348394064,83.61367148679986,83.31824030995129
Trevor Van Riemsdyk,23-24,D,WSH,83,83,82.5823166287877,82.6458268929541,83.23735565489554,83.30455322993248
Victor Hedman,23-24,D,T.B,85,83,84.63838331357566,82.72740440504872,85.86665800598479,83.9625932360737
Vladislav Gavrikov,23-24,D,L.A,82,83,81.58239454325734,82.66984365713078,82.98788694301173,84.08324778000014
Alex Carrier,24-25,D,MTL/NSH,84,83,83.59793267730839,82.34715304429092,84.63424007976442,83.38929397329724
Alex Romanov,24-25,D,NYI,85,83,84.15736663623237,83.00328984156342,84.91686336932136,83.76706189329518
Ben Chiarot,24-25,D,DET,83,83,82.77186076417044,82.0846904644041,83.77899826606479,83.09749729119488
Brandt Clarke,24-25,D,L.A,84,83,83.59515746807767,82.59177293513645,84.26498790074986,83.2746597596324
Chris Tanev,24-25,D,TOR,85,83,84.09004502592677,82.34851095796442,85.03631856964046,83.30011121441606
Damon Severson,24-25,D,CBJ,83,83,82.73571329382305,82.44065741126198,83.49858283158565,83.20782125368012
Darren Raddysh,24-25,D,T.B,83,83,83.0854867780356,82.90195368897547,83.83933391596182,83.66004434314362
Denton Mateychuk,24-25,D,CBJ,84,83,83.67505545080309,83.26850503538559,83.94116393832412,83.54129222809416
Erik Gustafsson (D),24-25,D,DET,84,83,84.05878599964348,82.86486654433793,84.70432522618647,83.51403960598466
Henri Jokiharju,24-25,D,BOS/BUF,84,83,83.19773214200252,82.79697368459867,84.30551423373541,83.91099164440385
Ian Mitchell,24-25,D,BOS,85,83,84.09102366177233,82.95147035673406,85.05254998489433,83.93173883281182
Jacob Bryson,24-25,D,BUF,84,83,83.47174147023345,82.83436864157255,84.66232544496872,84.03165458833901
Jan Rutta,24-25,D,S.J,83,83,82.5078302063308,82.67238480132669,83.7266900405121,83.89810577650431
Jeff Petry,24-25,D,DET,83,83,82.2805058841976,82.57322214077837,83.35653685649133,83.65531024943043
John Marino,24-25,D,UTA,83,83,82.14100543978034,82.70855614385586,83.21762472973859,83.79123588189894
Jordan Harris,24-25,D,CBJ,83,83,82.62936884001677,82.78575852320512,83.54329811447826,83.70483243976317
Josh Mahura,24-25,D,SEA,83,83,82.85572166356329,82.86956897395515,83.70727606546251,83.72591690063355
Juuso Valimaki,24-25,D,UTA,84,83,83.48378492212092,82.32867189131798,84.3359662648472,83.1856502879654
Kris Letang,24-25,D,PIT,86,83,85.26849718863005,83.08677018813201,86.07799928091129,83.90082908656618
Louis Crevier,24-25,D,CHI,82,83,81.89198072333568,82.70376282128544,82.59533845516376,83.42083046190699
Lucas Carlsson,24-25,D,S.J,82,83,82.0140864634169,82.12620249194676,82.96225270849374,83.09285047420059
Matt Roy,24-25,D,WSH,84,83,82.96679842517622,82.7628507443448,84.10260791672904,83.90505387431934
Mike Reilly,24-25,D,NYI,84,83,83.06947250880236,82.59626383285885,84.04955640080547,83.5818647610155
Mikhail Sergachev,24-25,D,UTA,84,83,83.49681834883164,82.99239710234305,84.1380460867042,83.63723440531646
Moritz Seider,24-25,D,DET,84,83,83.32262817719928,82.65561595370293,84.44262471782032,83.78191711932277
Oliver Ekman-Larsson,24-25,D,TOR,84,83,83.62323746211672,82.17589502932469,84.74442269396236,83.3033915774866
Olli Maatta,24-25,D,DET/UTA,83,83,83.01258021587087,82.17980459139466,83.85649844166478,83.02847335681105
Pavel Mintyukov,24-25,D,ANA,84,83,83.36489035061129,82.94146682511405,83.74819485466358,83.3322427331943
Philippe Myers,24-25,D,TOR,84,83,83.4168204743255,83.08549283304309,84.11876061176599,83.80111524740656
Rasmus Sandin,24-25,D,WSH,85,83,84.46869271208053,82.80801651779171,85.5038980029455,83.849049131259
Ryan Lindgren,24-25,D,COL/NYR,84,83,83.22498479038192,82.97243498874532,83.92865837652792,83.68006965684229
Ryan Pulock,24-25,D,NYI,84,83,83.3928035978759,82.8514588800195,84.21837196351464,83.68167449122325
Sam Rinzel,24-25,D,CHI,86,83,85.56797124689449,82.85986113489435,86.23648524572538,83.54515328294369
Scott Morrow,24-25,D,CAR,83,83,83.22572482684807,82.73946030191459,83.49435721671914,83.0148347410622
Scott Perunovich,24-25,D,NYI/STL,82,83,81.82688902437314,82.04082409209703,83.15087694915397,83.37226493933423
Sean Durzi,24-25,D,UTA,84,83,83.15079000012882,82.7602397852229,84.41381761352638,84.03037716653203
Shakir Mukhamadullin,24-25,D,S.J,84,83,83.98166687760157,82.59901624921088,84.34352097456438,82.96995204385657
Simon Edvinsson,24-25,D,DET,84,83,83.32101723182194,82.35078672096462,83.99179498690083,83.03463933315629
Troy Stecher,24-25,D,EDM,82,83,81.63088385268394,82.17228632580714,82.37413487026143,82.91972121250907
Victor Hedman,24-25,D,T.B,85,83,84.42661662540526,82.61394930577359,85.45403025972558,83.64714640231732
Victor Mancini,24-25,D,NYR/VAN,83,83,83.01047833271333,82.52676741014189,83.240110780861,82.76216309957869
Ville Heinola,24-25,D,WPG,82,83,81.77791677296919,82.36448151717148,82.12210830800906,82.71731146059881
Wyatt Kaiser,24-25,D,CHI,85,83,84.47696766653455,82.93409012409543,84.99160437077356,83.45875817079023
Zach Whitecloud,24-25,D,VGK,83,83,82.90352288985454,82.28934663850458,83.60862148380647,82.99841433598569
Adam Pelech,25-26,D,NYI,83,83,82.8938335122693,82.3638699248553,84.03816395054422,83.51464196721234
Alex Romanov,25-26,D,NYI,85,83,84.4474257958044,82.9085202001097,85.11596671266555,83.58082443196719
Braden Schneider,25-26,D,NYR,84,83,83.12043200045404,82.39444155419648,84.39426044841979,83.6754405695577
Brandt Clarke,25-26,D,L.A,85,83,84.3690125393777,82.17085970772493,85.77776814900798,83.58754540955775
Cam York,25-26,D,PHI,84,83,83.41682000674487,82.17815434715129,84.31359458930595,83.07997700552906
Cody Ceci,25-26,D,L.A,84,83,83.24239144321157,82.18928867026155,84.33428251698567,83.28732615923425
Colin Miller,25-26,D,WPG,84,83,83.62483013375085,82.5683842706263,84.3440024202816,83.29160488356848
Daemon Hunt,25-26,D,MIN,83,83,82.64393356397518,82.65531407489186,82.9494733176901,82.96852216702449
Declan Carlile,25-26,D,T.B,83,83,83.27066445392039,82.83214082553162,83.50294304780698,83.07024907282158
Declan Chisholm,25-26,D,WSH,84,83,83.85165751532323,81.91232914445095,85.06155914837107,83.12904149146543
Drew Doughty,25-26,D,L.A,84,83,83.66706702656096,82.57525450633224,84.5303841340216,83.443431352569
Elias Pettersson (D),25-26,D,VAN,84,83,83.9191208992125,82.96866792615864,84.82642185583035,83.89365407027152
Jake Walman,25-26,D,EDM,83,83,82.46802460014189,82.77317514000377,83.44455754135691,83.7552051285489
Jamie Oleksiak,25-26,D,SEA,83,83,83.05462171450166,82.30611256697965,83.73295451758067,82.98826380502045
Jared Spurgeon,25-26,D,MIN,85,83,84.19652308824891,82.65328230507279,85.29855233832258,83.76151503962828
Jeff Petry,25-26,D,FLA,83,83,82.9439806863485,82.8772900225426,83.99829748635828,83.9375417266462
John Carlson,25-26,D,WSH,82,83,81.77466636896047,82.29033183510695,82.65820901040212,83.17884806782563
Jonathan Aspirot,25-26,D,BOS,83,83,82.62121315631974,83.19622733320834,82.89634359892196,83.47826291112351
Josh Mahura,25-26,D,SEA,83,83,82.31243201711885,82.35161908228662,83.46442440937145,83.51009620888544
Kaedan Korczak,25-26,D,VGK,84,83,83.46813330351435,82.50860566083551,84.1970765609924,83.24165224695531
Kevin Bahl,25-26,D,CGY,84,83,83.5094744142256,82.49740528246032,84.10960172289334,83.10091079587733
MacKenzie Weegar,25-26,D,CGY/UTA,86,83,85.5994865824926,82.6585591742675,87.2601951110081,84.32861607496527
Mario Ferraro,25-26,D,S.J,84,83,83.39726817823103,82.40965087320492,84.29047675484429,83.30788745206374
Matthew Kessel,25-26,D,STL,83,83,82.28188091701061,82.29486528911288,83.1793202457638,83.1973564356367
Matthew Robertson,25-26,D,NYR,82,83,82.2391414805441,82.86438617155044,82.6003084544843,83.23461759798101
Mattias Ekholm,25-26,D,EDM,85,83,84.1364862919158,82.50076211967597,85.08094639931326,83.45053873171206
Mike Reilly,25-26,D,CAR,84,83,83.6112816380809,82.59603832641973,84.57955403119166,83.56976126702224
Moritz Seider,25-26,D,DET,84,83,83.73694906317311,82.46561298267231,85.03647122626136,83.77245034685157
Nate Schmidt,25-26,D,UTA,82,83,81.8193256324698,82.08003219441821,82.94359794393236,83.21063319982153
Nick Jensen,25-26,D,OTT,85,83,84.09649649481507,82.24403665147288,85.43933334186724,83.59443252433286
Nick Leddy,25-26,D,S.J,81,83,80.42857142112113,81.57680654110246,82.28838129481072,83.44708555768435
Rasmus Ristolainen,25-26,D,PHI,84,83,83.48905014134387,82.41354228018028,84.72253680661248,83.65397242302535
Ryan Pulock,25-26,D,NYI,83,83,82.29585391944156,82.10545528350272,83.31435586057862,83.12969052163358
Sam Rinzel,25-26,D,CHI,86,83,85.30884102615799,82.79618203358854,86.24965772146231,83.75533720801992
Shakir Mukhamadullin,25-26,D,S.J,84,83,83.4233152014761,82.44820572688926,84.0912406357772,83.12915042062367
Victor Hedman,25-26,D,T.B,85,83,84.44582589156299,82.9551588671753,85.29293909037966,83.80704059058681
Vladislav Gavrikov,25-26,D,NYR,83,83,82.26076746600197,82.55992669869023,83.2549609699137,83.55971666383292
Zach Bogosian,25-26,D,MIN,82,83,81.57364311549206,81.78473283611758,83.13582547412842,83.3557089486574
Zach Whitecloud,25-26,D,CGY/VGK,83,83,82.8590865118407,82.21679915944722,83.58462302627767,82.94641982546908
Zayne Parekh,25-26,D,CGY,85,83,84.46313550877684,83.10189794739408,84.9392807693025,83.58999334844745
Alex Chiasson,21-22,F,VAN,81,82,81.0,83.0,81.0,83.0
Alex Chmelevski,21-22,F,S.J,82,82,82.0,83.0,82.0,83.0
Anders Lee,21-22,F,NYI,81,82,81.0,83.0,81.0,83.0
Andrew Ladd,21-22,F,ARI,81,82,81.0,83.0,81.0,83.0
Arttu Ruotsalainen,21-22,F,BUF,80,82,80.0,82.0,81.0,83.0
Brad Richardson,21-22,F,CGY/VAN,80,82,80.0,82.0,81.0,83.0
Brett Murray,21-22,F,BUF,82,82,81.0,83.0,82.0,83.0
Brian Boyle,21-22,F,PIT,81,82,81.0,83.0,81.0,83.0
Casey Mittelstadt,21-22,F,BUF,82,82,81.0,83.0,82.0,83.0
Cody Eakin,21-22,F,BUF,82,82,82.0,83.0,82.0,83.0
Cole Perfetti,21-22,F,WPG,80,82,80.0,82.0,81.0,83.0
Corey Perry,21-22,F,T.B,82,82,81.0,83.0,82.0,83.0
Dakota Joshua,21-22,F,STL,81,82,81.0,83.0,81.0,83.0
David Perron,21-22,F,STL,81,82,81.0,82.0,81.0,83.0
Derek Grant,21-22,F,ANA,80,82,80.0,82.0,81.0,83.0
Derek Stepan,21-22,F,CAR,81,82,81.0,83.0,81.0,83.0
Dylan Strome,21-22,F,CHI,82,82,81.0,83.0,82.0,83.0
Evgeni Malkin,21-22,F,PIT,82,82,82.0,83.0,82.0,83.0
Evgeny Svechnikov,21-22,F,WPG,81,82,81.0,82.0,81.0,83.0
Jason Robertson,21-22,F,DAL,80,82,80.0,82.0,81.0,83.0
Jay Beagle,21-22,F,ARI,82,82,82.0,83.0,82.0,83.0
Jeff Skinner,21-22,F,BUF,81,82,81.0,83.0,81.0,83.0
Joe Pavelski,21-22,F,DAL,81,82,81.0,83.0,81.0,83.0
Josh Bailey,21-22,F,NYI,80,82,80.0,82.0,81.0,83.0
Jujhar Khaira,21-22,F,CHI,82,82,82.0,83.0,82.0,83.0
Kevin Hayes,21-22,F,PHI,81,82,81.0,82.0,81.0,83.0
Kristian Vesalainen,21-22,F,WPG,81,82,81.0,83.0,81.0,83.0
Liam O'Brien,21-22,F,ARI,81,82,81.0,83.0,81.0,83.0
Loui Eriksson,21-22,F,ARI,80,82,80.0,82.0,81.0,83.0
Mark Jankowski,21-22,F,BUF,81,82,81.0,83.0,81.0,83.0
Mark Stone,21-22,F,VGK,80,82,81.0,83.0,81.0,83.0
Matt Martin,21-22,F,NYI,80,82,80.0,83.0,81.0,83.0
Matthew Tkachuk,21-22,F,CGY,80,82,80.0,82.0,80.0,83.0
Mikael Granlund,21-22,F,NSH,81,82,81.0,83.0,81.0,83.0
Morgan Geekie,21-22,F,SEA,82,82,82.0,83.0,82.0,83.0
Nick Bonino,21-22,F,S.J,80,82,80.0,82.0,80.0,83.0
Nick Cousins,21-22,F,NSH,82,82,81.0,83.0,82.0,83.0
Nick Foligno,21-22,F,BOS,80,82,81.0,83.0,81.0,83.0
Nicklas Backstrom,21-22,F,WSH,79,82,79.0,82.0,79.0,82.0
Nicolas Deslauriers,21-22,F,ANA/MIN,81,82,81.0,82.0,81.0,83.0
Noel Acciari,21-22,F,FLA,81,82,81.0,82.0,81.0,83.0
Oliver Wahlstrom,21-22,F,NYI,81,82,81.0,83.0,81.0,83.0
Oskar Lindblom,21-22,F,PHI,81,82,81.0,83.0,81.0,83.0
Oskar Sundqvist,21-22,F,DET/STL,81,82,81.0,83.0,81.0,83.0
Patrick Maroon,21-22,F,T.B,80,82,80.0,82.0,80.0,83.0
Paul Stastny,21-22,F,WPG,82,82,81.0,82.0,81.0,83.0
Pius Suter,21-22,F,DET,81,82,81.0,82.0,81.0,83.0
Riley Nash,21-22,F,ARI/T.B/WPG,81,82,81.0,83.0,81.0,83.0
Ross Johnston,21-22,F,NYI,81,82,81.0,83.0,81.0,83.0
Ryan Getzlaf,21-22,F,ANA,80,82,80.0,82.0,80.0,83.0
Sam Gagner,21-22,F,DET,80,82,81.0,83.0,81.0,83.0
Teuvo Teravainen,21-22,F,CAR,80,82,80.0,82.0,81.0,83.0
Travis Boyd,21-22,F,ARI,82,82,82.0,83.0,82.0,83.0
Tyler Bertuzzi,21-22,F,DET,82,82,81.0,83.0,82.0,83.0
Victor Rask,21-22,F,MIN/SEA,80,82,80.0,82.0,81.0,83.0
Adam Henrique,22-23,F,ANA,81,82,81.0,83.0,81.0,83.0
Alex Chiasson,22-23,F,DET,81,82,81.0,82.0,81.0,83.0
Anders Lee,22-23,F,NYI,81,82,81.0,83.0,82.0,83.0
Andrei Kuzmenko,22-23,F,VAN,80,82,80.0,82.0,80.0,83.0
Anze Kopitar,22-23,F,L.A,82,82,82.0,83.0,83.0,83.0
Austin Czarnik,22-23,F,DET,81,82,81.0,83.0,81.0,83.0
Cal Clutterbuck,22-23,F,NYI,82,82,82.0,83.0,82.0,83.0
Cole Perfetti,22-23,F,WPG,82,82,81.0,82.0,81.0,83.0
Corey Perry,22-23,F,T.B,80,82,80.0,82.0,81.0,83.0
Dakota Joshua,22-23,F,VAN,81,82,81.0,82.0,81.0,83.0
David Krejci,22-23,F,BOS,81,82,81.0,82.0,81.0,83.0
David Perron,22-23,F,DET,80,82,80.0,82.0,80.0,83.0
Derek Grant,22-23,F,ANA,81,82,81.0,83.0,81.0,83.0
Derek Stepan,22-23,F,CAR,80,82,80.0,82.0,80.0,83.0
Dylan Strome,22-23,F,WSH,82,82,81.0,83.0,82.0,83.0
Eric Staal,22-23,F,FLA,81,82,81.0,83.0,82.0,83.0
Gabriel Vilardi,22-23,F,L.A,82,82,81.0,83.0,82.0,83.0
Jack Drury,22-23,F,CAR,81,82,81.0,83.0,81.0,83.0
Jamie Benn,22-23,F,DAL,82,82,82.0,83.0,82.0,83.0
Jason Robertson,22-23,F,DAL,80,82,80.0,82.0,81.0,83.0
Jeff Skinner,22-23,F,BUF,80,82,80.0,82.0,80.0,83.0
Joe Pavelski,22-23,F,DAL,81,82,81.0,82.0,81.0,83.0
Jonathan Huberdeau,22-23,F,CGY,82,82,81.0,83.0,82.0,83.0
Jonathan Marchessault,22-23,F,VGK,82,82,81.0,83.0,82.0,83.0
Josh Bailey,22-23,F,NYI,80,82,80.0,82.0,80.0,83.0
Kaapo Kakko,22-23,F,NYR,81,82,81.0,82.0,81.0,83.0
Kent Johnson,22-23,F,CBJ,82,82,82.0,83.0,82.0,83.0
Kevin Hayes,22-23,F,PHI,80,82,80.0,82.0,81.0,83.0
Kieffer Bellows,22-23,F,NYI/PHI,80,82,80.0,82.0,81.0,83.0
Luke Evangelista,22-23,F,NSH,81,82,81.0,83.0,81.0,83.0
Marco Rossi,22-23,F,MIN,82,82,82.0,83.0,83.0,83.0
Mark Jankowski,22-23,F,NSH,80,82,80.0,82.0,81.0,83.0
Mark Stone,22-23,F,VGK,80,82,80.0,82.0,80.0,83.0
Mason McTavish,22-23,F,ANA,80,82,81.0,82.0,81.0,83.0
Mats Zuccarello,22-23,F,MIN,81,82,81.0,83.0,81.0,83.0
Matt Martin,22-23,F,NYI,80,82,81.0,82.0,81.0,83.0
Matthew Tkachuk,22-23,F,FLA,80,82,79.0,82.0,80.0,82.0
Mikael Granlund,22-23,F,NSH/PIT,81,82,81.0,83.0,81.0,83.0
Nick Bonino,22-23,F,PIT/S.J,80,82,80.0,82.0,80.0,82.0
Nick Foligno,22-23,F,BOS,80,82,80.0,82.0,80.0,83.0
Nicklas Backstrom,22-23,F,WSH,80,82,80.0,82.0,80.0,83.0
Nicolas Deslauriers,22-23,F,PHI,80,82,80.0,82.0,81.0,83.0
Nicolas Roy,22-23,F,VGK,82,82,81.0,82.0,82.0,83.0
Noah Cates,22-23,F,PHI,82,82,82.0,83.0,82.0,83.0
Noel Acciari,22-23,F,STL/TOR,80,82,80.0,82.0,81.0,83.0
Oliver Wahlstrom,22-23,F,NYI,80,82,81.0,82.0,81.0,83.0
Oskar Lindblom,22-23,F,S.J,81,82,81.0,82.0,81.0,83.0
Oskar Sundqvist,22-23,F,DET/MIN,80,82,80.0,82.0,81.0,83.0
Patrick Maroon,22-23,F,T.B,80,82,79.0,82.0,80.0,83.0
Paul Stastny,22-23,F,CAR,81,82,81.0,82.0,81.0,83.0
Pavel Dorofeyev,22-23,F,VGK,81,82,81.0,82.0,81.0,83.0
Pierre-Edouard Bellemare,22-23,F,T.B,82,82,81.0,83.0,82.0,83.0
Pius Suter,22-23,F,DET,80,82,80.0,82.0,81.0,83.0
Robby Fabbri,22-23,F,DET,81,82,81.0,82.0,82.0,83.0
Ryan Reaves,22-23,F,MIN/NYR,80,82,81.0,83.0,81.0,83.0
Ryan Strome,22-23,F,ANA,82,82,81.0,82.0,82.0,83.0
Sam Carrick,22-23,F,ANA,81,82,81.0,82.0,81.0,83.0
Sam Gagner,22-23,F,WPG,80,82,80.0,82.0,81.0,83.0
Sammy Blais,22-23,F,NYR/STL,80,82,80.0,82.0,80.0,83.0
Stefan Noesen,22-23,F,CAR,80,82,81.0,83.0,81.0,83.0
Teuvo Teravainen,22-23,F,CAR,80,82,80.0,82.0,81.0,83.0
Travis Boyd,22-23,F,ARI,82,82,82.0,83.0,82.0,83.0
Wyatt Johnston,22-23,F,DAL,82,82,82.0,82.0,82.0,83.0
Alex Barre-Boulet,23-24,F,T.B,80,82,80.0,82.0,80.0,83.0
Alex Ovechkin,23-24,F,WSH,80,82,80.0,82.0,80.0,83.0
Andrei Kuzmenko,23-24,F,CGY/VAN,80,82,79.0,82.0,80.0,82.0
Austin Czarnik,23-24,F,DET,81,82,81.0,83.0,82.0,83.0
Brock Boeser,23-24,F,VAN,82,82,82.0,83.0,82.0,83.0
Cal Clutterbuck,23-24,F,NYI,81,82,81.0,82.0,82.0,83.0
Cole Perfetti,23-24,F,WPG,81,82,80.0,82.0,81.0,83.0
Corey Perry,23-24,F,CHI/EDM,80,82,80.0,82.0,81.0,83.0
David Perron,23-24,F,DET,80,82,80.0,82.0,80.0,83.0
Dryden Hunt,23-24,F,CGY,82,82,81.0,82.0,82.0,83.0
Dylan Strome,23-24,F,WSH,82,82,82.0,82.0,82.0,83.0
Gabriel Vilardi,23-24,F,WPG,81,82,81.0,82.0,81.0,83.0
Hudson Fasching,23-24,F,NYI,81,82,81.0,83.0,81.0,83.0
Jacob Lucchini,23-24,F,MIN,81,82,81.0,83.0,81.0,83.0
James Van Riemsdyk,23-24,F,BOS,80,82,80.0,82.0,81.0,83.0
Jamie Benn,23-24,F,DAL,82,82,82.0,83.0,82.0,83.0
Jason Robertson,23-24,F,DAL,80,82,80.0,82.0,81.0,83.0
Jeff Skinner,23-24,F,BUF,80,82,79.0,82.0,80.0,82.0
Joe Pavelski,23-24,F,DAL,81,82,80.0,82.0,81.0,83.0
Joey Anderson,23-24,F,CHI,81,82,81.0,83.0,81.0,83.0
Jonathan Huberdeau,23-24,F,CGY,82,82,82.0,83.0,82.0,83.0
Jonathan Marchessault,23-24,F,VGK,81,82,81.0,82.0,81.0,83.0
Joshua Roy,23-24,F,MTL,81,82,81.0,82.0,81.0,83.0
Kevin Hayes,23-24,F,STL,81,82,80.0,82.0,81.0,83.0
Kurtis MacDermid,23-24,F,COL/N.J,80,82,80.0,82.0,81.0,83.0
Luke Evangelista,23-24,F,NSH,81,82,81.0,82.0,81.0,83.0
Marcus Foligno,23-24,F,MIN,81,82,81.0,82.0,81.0,83.0
Mark Jankowski,23-24,F,NSH,81,82,81.0,82.0,81.0,83.0
Mark Stone,23-24,F,VGK,80,82,79.0,82.0,80.0,83.0
Mason Marchment,23-24,F,DAL,80,82,80.0,82.0,81.0,83.0
Matt Martin,23-24,F,NYI,80,82,80.0,82.0,80.0,83.0
Matthew Tkachuk,23-24,F,FLA,80,82,80.0,82.0,80.0,83.0
Nick Bonino,23-24,F,NYR,80,82,79.0,82.0,80.0,83.0
Nick Cousins,23-24,F,FLA,82,82,81.0,83.0,82.0,83.0
Nick Foligno,23-24,F,CHI,80,82,80.0,82.0,81.0,83.0
Nicolas Deslauriers,23-24,F,PHI,80,82,80.0,82.0,80.0,83.0
Noel Acciari,23-24,F,PIT,81,82,80.0,82.0,81.0,83.0
Oliver Wahlstrom,23-24,F,NYI,80,82,80.0,82.0,81.0,83.0
Oskar Sundqvist,23-24,F,STL,82,82,81.0,82.0,82.0,83.0
Patrick Maroon,23-24,F,BOS/MIN,80,82,79.0,82.0,80.0,82.0
Pavel Dorofeyev,23-24,F,VGK,82,82,81.0,83.0,82.0,83.0
Pius Suter,23-24,F,VAN,80,82,80.0,82.0,81.0,83.0
Robby Fabbri,23-24,F,DET,81,82,81.0,82.0,81.0,83.0
Ross Johnston,23-24,F,ANA,80,82,81.0,83.0,81.0,83.0
Ryan Carpenter,23-24,F,S.J,82,82,81.0,82.0,82.0,83.0
Ryan Hartman,23-24,F,MIN,82,82,81.0,83.0,82.0,83.0
Ryan Reaves,23-24,F,TOR,80,82,80.0,82.0,81.0,83.0
Sam Gagner,23-24,F,EDM,80,82,80.0,82.0,81.0,83.0
Sammy Blais,23-24,F,STL,80,82,80.0,82.0,80.0,82.0
Sean Couturier,23-24,F,PHI,82,82,82.0,83.0,82.0,83.0
Stefan Noesen,23-24,F,CAR,80,82,80.0,82.0,81.0,83.0
Tomas Tatar,23-24,F,COL/SEA,82,82,81.0,83.0,82.0,83.0
Tyler Bertuzzi,23-24,F,TOR,81,82,81.0,82.0,81.0,83.0
Victor Olofsson,23-24,F,BUF,82,82,81.0,83.0,82.0,83.0
Zach Benson,23-24,F,BUF,82,82,81.0,83.0,82.0,83.0
Aatu Raty,24-25,F,VAN,82,82,82.0,83.0,82.0,83.0
Adam Gaudette,24-25,F,OTT,81,82,81.0,82.0,81.0,83.0
Alex Ovechkin,24-25,F,WSH,80,82,80.0,82.0,80.0,83.0
Andrei Kuzmenko,24-25,F,CGY/L.A/PHI,80,82,80.0,82.0,81.0,83.0
Brennan Othmann,24-25,F,NYR,82,82,82.0,83.0,82.0,83.0
Brock Boeser,24-25,F,VAN,82,82,82.0,83.0,82.0,83.0
Corey Perry,24-25,F,EDM,80,82,80.0,82.0,80.0,83.0
Dakota Joshua,24-25,F,VAN,82,82,81.0,82.0,82.0,83.0
Danton Heinen,24-25,F,PIT/VAN,82,82,82.0,83.0,82.0,83.0
David Perron,24-25,F,OTT,81,82,80.0,82.0,81.0,83.0
Dylan Strome,24-25,F,WSH,82,82,82.0,83.0,82.0,83.0
Gabriel Vilardi,24-25,F,WPG,81,82,81.0,82.0,82.0,83.0
Hudson Fasching,24-25,F,NYI,81,82,81.0,83.0,81.0,83.0
James Van Riemsdyk,24-25,F,CBJ,81,82,81.0,82.0,81.0,83.0
Jamie Benn,24-25,F,DAL,82,82,82.0,83.0,82.0,83.0
Jason Robertson,24-25,F,DAL,80,82,80.0,82.0,80.0,83.0
Jeff Skinner,24-25,F,EDM,81,82,81.0,83.0,81.0,83.0
Joey Anderson,24-25,F,CHI,80,82,80.0,82.0,81.0,83.0
Jonathan Huberdeau,24-25,F,CGY,82,82,82.0,83.0,82.0,83.0
Jonathan Marchessault,24-25,F,NSH,82,82,81.0,83.0,82.0,83.0
Justin Brazeau,24-25,F,BOS/MIN,81,82,81.0,82.0,81.0,83.0
Kaapo Kakko,24-25,F,NYR/SEA,80,82,80.0,82.0,81.0,83.0
Kevin Hayes,24-25,F,PIT,81,82,81.0,82.0,81.0,83.0
Kevin Stenlund,24-25,F,UTA,82,82,82.0,83.0,82.0,83.0
Linus Karlsson,24-25,F,VAN,81,82,81.0,82.0,81.0,83.0
Luca Del Bel Belluz,24-25,F,CBJ,81,82,81.0,82.0,81.0,83.0
Mark Jankowski,24-25,F,CAR/NSH,82,82,81.0,82.0,82.0,83.0
Mark Stone,24-25,F,VGK,80,82,80.0,82.0,81.0,83.0
Mason Marchment,24-25,F,DAL,81,82,81.0,82.0,81.0,83.0
Matt Martin,24-25,F,NYI,80,82,80.0,82.0,81.0,83.0
Matthew Tkachuk,24-25,F,FLA,80,82,80.0,82.0,80.0,83.0
Nick Foligno,24-25,F,CHI,80,82,80.0,82.0,81.0,83.0
Nicolas Deslauriers,24-25,F,PHI,80,82,79.0,82.0,80.0,83.0
Nicolas Roy,24-25,F,VGK,82,82,81.0,82.0,82.0,83.0
Noel Acciari,24-25,F,PIT,81,82,80.0,82.0,81.0,83.0
Oliver Wahlstrom,24-25,F,BOS/NYI,81,82,80.0,82.0,81.0,83.0
Oskar Sundqvist,24-25,F,STL,81,82,81.0,82.0,81.0,83.0
Patrick Maroon,24-25,F,CHI,79,82,78.0,81.0,79.0,82.0
Pius Suter,24-25,F,VAN,81,82,80.0,82.0,81.0,83.0
Ross Johnston,24-25,F,ANA,81,82,81.0,82.0,81.0,83.0
Ryan Reaves,24-25,F,TOR,81,82,81.0,83.0,81.0,83.0
Ryan Strome,24-25,F,ANA,82,82,82.0,82.0,82.0,83.0
Samuel Helenius,24-25,F,L.A,81,82,81.0,83.0,81.0,83.0
Stefan Noesen,24-25,F,N.J,81,82,81.0,82.0,81.0,83.0
Teuvo Teravainen,24-25,F,CHI,80,82,80.0,82.0,81.0,83.0
Tyler Bertuzzi,24-25,F,CHI,80,82,80.0,82.0,81.0,83.0
Tyler Toffoli,24-25,F,S.J,81,82,81.0,83.0,82.0,83.0
Aatu Raty,25-26,F,VAN,81,82,81.0,83.0,81.0,83.0
Alex Ovechkin,25-26,F,WSH,80,82,79.0,82.0,80.0,83.0
Alex Steeves,25-26,F,BOS,81,82,81.0,83.0,81.0,83.0
Andrei Kuzmenko,25-26,F,L.A,80,82,80.0,82.0,80.0,83.0
Braeden Bowman,25-26,F,VGK,81,82,81.0,83.0,81.0,83.0
Brock Boeser,25-26,F,VAN,81,82,81.0,82.0,81.0,83.0
Cole Perfetti,25-26,F,WPG,82,82,81.0,82.0,82.0,83.0
Corey Perry,25-26,F,L.A/T.B,80,82,79.0,82.0,80.0,83.0
Dakota Joshua,25-26,F,TOR,82,82,82.0,82.0,82.0,83.0
Dalibor Dvorsky,25-26,F,STL,82,82,81.0,83.0,82.0,83.0
David Perron,25-26,F,OTT,81,82,81.0,82.0,81.0,83.0
Dylan Strome,25-26,F,WSH,82,82,82.0,83.0,82.0,83.0
Gabriel Vilardi,25-26,F,WPG,81,82,81.0,82.0,81.0,83.0
James Van Riemsdyk,25-26,F,DET,80,82,80.0,82.0,81.0,83.0
Jamie Benn,25-26,F,DAL,81,82,81.0,82.0,81.0,83.0
Jeff Skinner,25-26,F,S.J,81,82,81.0,83.0,82.0,83.0
Jonathan Huberdeau,25-26,F,CGY,81,82,81.0,82.0,81.0,83.0
Jonathan Marchessault,25-26,F,NSH,82,82,81.0,82.0,82.0,83.0
Jordan Greenway,25-26,F,BUF,81,82,81.0,82.0,82.0,83.0
Josh Dunne,25-26,F,BUF,81,82,81.0,83.0,81.0,83.0
Justin Brazeau,25-26,F,PIT,81,82,81.0,82.0,82.0,83.0
Kaapo Kakko,25-26,F,SEA,80,82,80.0,82.0,81.0,83.0
Kevin Hayes,25-26,F,PIT,81,82,81.0,82.0,82.0,83.0
Kevin Stenlund,25-26,F,UTA,81,82,81.0,82.0,81.0,83.0
Lenni Hameenaho,25-26,F,N.J,82,82,81.0,83.0,82.0,83.0
Linus Karlsson,25-26,F,VAN,81,82,81.0,82.0,81.0,83.0
Marcus Foligno,25-26,F,MIN,81,82,81.0,83.0,82.0,83.0
Mark Jankowski,25-26,F,CAR,81,82,81.0,83.0,82.0,83.0
Mark Stone,25-26,F,VGK,81,82,81.0,82.0,81.0,83.0
Mason Marchment,25-26,F,CBJ/SEA,81,82,81.0,82.0,81.0,83.0
Mason McTavish,25-26,F,ANA,82,82,82.0,83.0,82.0,83.0
Mats Zuccarello,25-26,F,MIN,81,82,80.0,82.0,81.0,83.0
Matthew Tkachuk,25-26,F,FLA,80,82,79.0,82.0,80.0,83.0
Maxim Tsyplakov,25-26,F,N.J/NYI,81,82,81.0,83.0,82.0,83.0
Nathan Bastian,25-26,F,DAL,81,82,81.0,82.0,81.0,83.0
Nick Cousins,25-26,F,OTT,82,82,81.0,83.0,82.0,83.0
Nick Foligno,25-26,F,CHI/MIN,80,82,80.0,82.0,80.0,83.0
Nicolas Roy,25-26,F,COL/TOR,82,82,81.0,83.0,82.0,83.0
Noel Acciari,25-26,F,PIT,81,82,80.0,82.0,81.0,83.0
Oskar Sundqvist,25-26,F,STL,81,82,81.0,82.0,81.0,83.0
Otto Stenberg,25-26,F,STL,81,82,81.0,83.0,81.0,83.0
Pius Suter,25-26,F,STL,80,82,80.0,82.0,81.0,83.0
Ross Johnston,25-26,F,ANA,81,82,81.0,82.0,82.0,83.0
Ryan Reaves,25-26,F,S.J,80,82,80.0,82.0,81.0,83.0
Ryan Strome,25-26,F,ANA/CGY,82,82,82.0,83.0,82.0,83.0
Samuel Helenius,25-26,F,L.A,81,82,81.0,83.0,81.0,83.0
Stefan Noesen,25-26,F,N.J,81,82,81.0,82.0,81.0,83.0
Teuvo Teravainen,25-26,F,CHI,80,82,80.0,82.0,80.0,83.0
Tomas Hertl,25-26,F,VGK,82,82,81.0,83.0,82.0,83.0
Tyler Bertuzzi,25-26,F,CHI,80,82,80.0,82.0,80.0,83.0
Tyler Toffoli,25-26,F,S.J,81,82,81.0,82.0,81.0,83.0
Tyson Foerster,25-26,F,PHI,82,82,82.0,83.0,82.0,83.0
Ville Koivunen,25-26,F,PIT,81,82,81.0,82.0,81.0,83.0
Adam Boqvist,21-22,D,CBJ,82,82,82.33925766719373,82.34329841300928,82.63441699319816,82.64586555279709
Adam Fox,21-22,D,NYR,82,82,82.09162562609887,81.61380884380262,82.35144281317575,81.88014683903299
Alex Goligoski,21-22,D,MIN,83,82,82.72644731213363,82.32969935812412,82.99920391816887,82.60930152168602
Alex Pietrangelo,21-22,D,VGK,83,82,82.77499682614362,81.52699467772499,83.1544994519403,81.91602193830202
Andrew Peeke,21-22,D,CBJ,81,82,81.11074533194211,81.46652118533103,81.48978634442207,81.85507524716887
Anton Stralman,21-22,D,ARI,81,82,81.3385389944963,81.78554812501638,81.64890319882242,82.10370175026915
Ben Hutton,21-22,D,VGK,82,82,81.9641079963516,82.23347230741719,82.2812432661921,82.55856693620775
Brandon Carlo,21-22,D,BOS,83,82,82.99218419588021,82.22358462115167,83.2504071977162,82.48828842079297
Brendan Smith,21-22,D,CAR,80,82,80.23567872468207,81.30551019331908,80.6285680021244,81.70826007941703
Brett Pesce,21-22,D,CAR,82,82,82.13481144758471,81.5319550733875,82.43851181872911,81.84327761871775
Brian Dumoulin,21-22,D,PIT,83,82,82.43225980022316,82.31446420066351,82.7871784067393,82.6782904401551
Cam Dineen,21-22,D,ARI,83,82,82.48600543726091,81.60383746006278,82.78981771970656,81.91527472540808
Casey Fitzgerald,21-22,D,BUF,82,82,81.41869657882165,81.31091752901928,81.81781846428413,81.72005644712783
Corey Schueneman,21-22,D,MTL,82,82,81.8712488178681,81.87092849335671,82.2072182218283,82.21532994930438
Damon Severson,21-22,D,N.J,82,82,82.32857130610147,82.01831377048805,82.66341320703575,82.36155942570167
Dmitry Kulikov,21-22,D,MIN,82,82,81.72639336632562,81.98903669625673,82.03591384749255,82.30632542285798
Duncan Keith,21-22,D,EDM,82,82,81.34803262516199,81.41573818501041,81.77586229272563,81.8543053838973
Dylan Samberg,21-22,D,WPG,81,82,81.2153689755058,81.73248563166956,81.64557750536187,82.1734913967692
Dysin Mayo,21-22,D,ARI,82,82,81.9318689449469,81.82269709736612,82.17352077300735,82.07041382524498
Erik Brannstrom,21-22,D,OTT,83,82,83.10274756883507,82.18950162528333,83.3709312903033,82.4644161354929
Erik Gustafsson (D),21-22,D,CHI,83,82,82.82769372213161,82.1444936829626,83.0849969003673,82.40825457356688
Jacob Middleton,21-22,D,MIN/S.J,82,82,81.4430174311314,81.92306132103072,81.74650962110643,82.23417046032759
Jacob Trouba,21-22,D,NYR,82,82,81.81377955421983,82.27324226021305,82.11710716500154,82.584182689761
Jake Bean,21-22,D,CBJ,83,82,82.45871642656226,81.97820625230214,82.7405573388425,82.26712071710391
Jake Muzzin,21-22,D,TOR,82,82,81.28085009395744,81.5271634071354,81.80456511868238,82.06402246302224
Janis Moser,21-22,D,ARI,82,82,81.33150762785507,82.03132592804036,81.79083801682556,82.50218444330321
Joel Hanley,21-22,D,DAL,81,82,80.84399542298978,81.49856546433801,81.32754706364047,81.99425312846145
John Carlson,21-22,D,WSH,81,82,81.07597622087172,81.55326096023377,81.48332192986425,81.97083010074896
Jonas Siegenthaler,21-22,D,N.J,83,82,82.70310440922248,81.88509054157295,83.07481753584734,82.26613280463457
Jordan Oesterle,21-22,D,DET,83,82,82.98143020310734,81.80986443525721,83.32772334047583,82.16484872635212
Kale Clague,21-22,D,L.A/MTL,82,82,82.28511954250072,82.21978207115528,82.52799857367046,82.46875680209217
Kyle Capobianco,21-22,D,ARI,81,82,81.34531706527605,81.46528822335883,81.61181342977169,81.73847302785349
Marco Scandella,21-22,D,STL,82,82,82.01212270519905,81.92139994671928,82.28141610713249,82.19745198779727
Markus Niemelainen,21-22,D,EDM,82,82,82.31890615965656,82.15219683492211,82.55518548545261,82.39440622320357
Matt Benning,21-22,D,NSH,82,82,81.79784420405124,81.40389771571641,82.10292106607697,81.71663129865318
Matt Grzelcyk,21-22,D,BOS,83,82,83.18138618528478,81.90021590388301,83.53534705339924,82.26306036796271
Michal Kempny,21-22,D,WSH,82,82,82.03092041817607,81.4706580540992,82.37228891153379,81.82059410405269
Moritz Seider,21-22,D,DET,83,82,83.21047756313207,82.33716386400485,83.4667061924812,82.59982323704038
Neal Pionk,21-22,D,WPG,82,82,81.58873183152336,81.71253127761925,81.95219534318402,82.08511687953497
Nicolas Meloche,21-22,D,S.J,80,82,79.94631352385039,81.36141351325251,80.40192234641785,81.82845705943633
Radko Gudas,21-22,D,FLA,82,82,82.05572975484128,81.92021278650769,82.30013217939599,82.1707491444665
Rasmus Ristolainen,21-22,D,PHI,81,82,81.07985881636222,81.40526374861494,81.37977631152238,81.71270847655681
Rasmus Sandin,21-22,D,TOR,83,82,82.39083186741561,81.85427689175528,82.75576573901598,82.22836975623133
Riley Stillman,21-22,D,CHI,81,82,81.09096702494536,81.64037325372415,81.45223542531508,82.01070865215213
Robert Bortuzzo,21-22,D,STL,81,82,81.06114874930829,81.44483431533136,81.38285533147861,81.77461498577757
Ronnie Attard,21-22,D,PHI,85,82,84.46512485092771,82.12176875431904,85.13817743603175,82.81171339661934
Ryan Murray,21-22,D,COL,83,82,82.50798674471784,82.0973483250135,82.75982842041019,82.35551064204108
Scott Perunovich,21-22,D,STL,83,82,82.71616373811565,81.99825842236208,83.10558164962794,82.39744981930492
Slater Koekkoek,21-22,D,EDM,82,82,82.12131278792164,81.86576568150326,82.48769073718485,82.24133886663864
Travis Dermott,21-22,D,TOR/VAN,81,82,81.02719825419778,81.63727606916252,81.35420787779216,81.97249287505994
Troy Stecher,21-22,D,DET/L.A,83,82,83.11939079862306,81.89417002118628,83.49442031021252,82.27861190277515
Tyson Barrie,21-22,D,EDM,82,82,81.54750717044284,81.57645021917303,81.89056790089529,81.92812097744329
Adam Larsson,22-23,D,SEA,84,82,83.80849673097727,82.0930566521093,84.53532722068277,82.83405458360332
Adam Pelech,22-23,D,NYI,82,82,82.02392008175455,81.8133255519507,82.50268802376458,82.30142567944922
Alex Alexeyev,22-23,D,WSH,81,82,80.52321558020319,81.4353761342761,80.88785315897552,81.80916526966207
Alex Carrier,22-23,D,NSH,83,82,82.29407189213744,81.65761576144892,82.88016188525225,82.25512987060989
Alex Goligoski,22-23,D,MIN,83,82,82.53262581437488,81.78082335144555,82.93617499416337,82.1922385462051
Alex Romanov,22-23,D,NYI,83,82,82.59003046813416,82.06030272070757,83.09117240553088,82.57121295941582
Brenden Dillon,22-23,D,WPG,81,82,80.95562011930062,81.70294552771962,81.55642488370103,82.31546122974092
Brett Pesce,22-23,D,CAR,83,82,83.2340605047431,82.151614848789,83.67637879323576,82.60255484302043
Brian Dumoulin,22-23,D,PIT,82,82,81.4814325103144,81.77990660550195,82.03363878283075,82.34287652969765
Cam York,22-23,D,PHI,83,82,82.80651862352917,82.00552570503291,83.36207979068598,82.57191591776106
Connor MacKey,22-23,D,ARI/CGY,81,82,80.8018717610949,81.57970572632641,81.1726245476929,81.9597635470562
Damon Severson,22-23,D,N.J,83,82,82.29027506482691,81.8640424695364,82.74452084457062,82.32714244669387
Darren Raddysh,22-23,D,T.B,82,82,81.62081990151012,82.02110635112231,81.90649610907488,82.31395236821548
Dmitry Kulikov,22-23,D,ANA/PIT,82,82,81.85096509503228,82.03865182345642,82.27069578927572,82.46656394412841
Dmitry Orlov,22-23,D,BOS/WSH,82,82,81.81810859865595,81.69857167737635,82.18027468497145,82.06779713588153
Drew Doughty,22-23,D,L.A,83,82,83.08590426879091,82.17226562747031,83.58494714857267,82.68103589355384
Dylan Coghlan,22-23,D,CAR,82,82,81.64064744009613,82.09012883637683,82.09430624571446,82.5526303980593
Dylan Samberg,22-23,D,WPG,82,82,81.66391404088542,81.56177764049855,82.30434569529719,82.2146926432452
Erik Johnson,22-23,D,COL,82,82,81.48112634443706,82.10978916437018,82.08514292807071,82.72557929067867
Filip Roos,22-23,D,CHI,82,82,82.19385169577878,81.42049933831431,82.76379771330798,82.00474967758593
Gustav Lindstrom,22-23,D,DET,81,82,81.16591009575652,81.40120011611059,81.75351079084764,82.00025437397942
Jake Bean,22-23,D,CBJ,82,82,81.56873509339171,81.99441699173978,82.33707640537037,82.77773487798899
Jamie Oleksiak,22-23,D,SEA,83,82,82.3943452365382,81.21725673582513,83.17087686539664,82.00892458530807
Jarred Tinordi,22-23,D,CHI,82,82,82.29627600455495,82.13149307850763,82.58519368485287,82.42766192177352
John Carlson,22-23,D,WSH,82,82,81.82842277588497,82.02138596229977,82.38408565295119,82.58787986747554
Johnathan Kovacevic,22-23,D,MTL,81,82,81.14482494336853,81.82834776191476,81.48408895505835,82.17612651259664
Juuso Valimaki,22-23,D,ARI,83,82,83.06315254528339,82.22689542820459,83.32103050989588,82.4912455309892
Kevin Gravel,22-23,D,NSH,82,82,81.9153209372485,81.63361300913496,82.17478300508736,81.89958697245895
Marc Staal,22-23,D,FLA,81,82,81.08014854984829,81.2529362512908,81.61746459568568,81.80072570724136
Marco Scandella,22-23,D,STL,82,82,81.45066357210484,82.12722639526518,82.08337161661272,82.7722672388461
Marcus Bjork,22-23,D,CBJ,82,82,81.8950301677593,81.70749257303895,82.19172467892133,82.01163342756745
Mark Giordano,22-23,D,TOR,82,82,81.28272596408668,81.62066361802721,81.91643522384135,82.26672519262775
Markus Niemelainen,22-23,D,EDM,82,82,81.43077722588298,81.96022521274735,82.02755192944512,82.56863229964141
Matt Grzelcyk,22-23,D,BOS,83,82,82.86175563085112,81.91199381197727,83.42909775629919,82.49039461843871
Matt Roy,22-23,D,L.A,82,82,81.89618311021539,82.08067235926158,82.29277448242014,82.4849941242596
Mattias Ekholm,22-23,D,EDM/NSH,83,82,83.02088839742314,81.94905998888238,83.45367724203581,82.39028479050238
Moritz Seider,22-23,D,DET,83,82,83.07426728170303,82.22544179582552,83.54185123292542,82.70213993323577
Neal Pionk,22-23,D,WPG,82,82,81.58129849293633,81.55453645421225,82.05458382249762,82.0370471017134
Nick Perbix,22-23,D,T.B,82,82,81.98811006464486,82.21825864197027,82.2847089552121,82.52230147604904
Nick Seeler,22-23,D,PHI,81,82,80.36129036750184,81.8217213473932,80.90841097518833,82.37950647654718
Nicolas Hague,22-23,D,VGK,83,82,82.75729712168602,81.89113715268377,83.35416762104282,82.49964190263228
Oliver Ekman-Larsson,22-23,D,VAN,84,82,83.39033969970205,81.66366722771943,83.96070437381637,82.24514949862306
Philip Broberg,22-23,D,EDM,81,82,80.2589842113605,81.27898245990315,80.9828758359495,82.0169842416716
Radko Gudas,22-23,D,FLA,81,82,81.12763445748054,81.39005115354286,81.81853141361131,82.0944151319663
Rasmus Dahlin,22-23,D,BUF,83,82,83.09879882921233,81.84425032978842,83.5456892432385,82.29985156981357
Rasmus Ristolainen,22-23,D,PHI,81,82,80.72947210860299,81.53169646666129,81.28933928974384,82.10247662656465
Riley Stillman,22-23,D,BUF/VAN,81,82,81.20140561121815,81.29601882455376,81.77266394052047,81.87841216984842
Roman Josi,22-23,D,NSH,84,82,83.797862787683,81.40402385188317,84.58309031163279,82.20455709758497
Scott Harrington,22-23,D,ANA/S.J,81,82,81.12135005081525,81.67155598188447,81.42991016481284,81.9878602383302
Scott Mayfield,22-23,D,NYI,81,82,80.34175730219181,81.33469317396447,80.84160089513013,81.8442797607736
Sean Durzi,22-23,D,L.A,82,82,81.72481251116415,81.72013186674512,82.60310059940606,82.6155396211815
Sebastian Aho (D),22-23,D,NYI,83,82,82.8067846946207,82.11885649238432,83.50095944207166,82.82656215311545
Shayne Gostisbehere,22-23,D,ARI/CAR,82,82,81.30344292187107,81.5848361906775,81.93562600388437,82.2293418391502
Tj Brodie,22-23,D,TOR,83,82,82.4253579800794,82.0720329576632,82.90681684755468,82.56287646237526
Troy Stecher,22-23,D,ARI/CGY,82,82,81.9256379384347,81.57344940824362,82.70021269558957,82.36312224251311
Victor Soderstrom,22-23,D,ARI,83,82,82.86061903942922,82.0621542465069,83.54005214530098,82.75483092032603
Vincent Desharnais,22-23,D,EDM,81,82,80.78443990962417,81.37325207419786,81.41708925674878,82.02177945105348
Zach Whitecloud,22-23,D,VGK,83,82,82.79968025240025,81.81527640441841,83.36624297189748,82.39288261268187
Aaron Ekblad,23-24,D,FLA,83,82,82.74752920764998,81.06645263385772,83.6868617466527,82.01107281366359
Adam Pelech,23-24,D,NYI,82,82,81.42533823701808,81.41422331476943,82.18337855939609,82.17653075744042
Alex Pietrangelo,23-24,D,VGK,83,82,82.50636393627721,81.26472457402032,83.41669516338357,82.18018018928632
Andreas Englund,23-24,D,L.A,80,82,79.86131412929271,81.5693156112028,80.77288883980977,82.49865881358977
Andrew Peeke,23-24,D,BOS/CBJ,82,82,81.10721372946814,81.29711432700095,81.95821010799781,82.1529010891143
Arber Xhekaj,23-24,D,MTL,81,82,81.18303736688814,81.55182821930889,81.63714814378847,82.01479056213606
Ben Hutton,23-24,D,VGK,81,82,80.7245801234068,81.47150897846363,81.52082520347264,82.27223623901386
Brandon Carlo,23-24,D,BOS,83,82,82.4357756077797,81.75386847722831,83.24081673017076,82.56344129431771
Brandt Clarke,23-24,D,L.A,83,82,82.55582740933706,82.18549680593382,83.01488584106194,82.65607653845562
Brendan Smith,23-24,D,N.J,81,82,80.70548297874738,81.47027530465618,81.87241813864892,82.6437793139374
Brenden Dillon,23-24,D,WPG,81,82,80.72948361283287,81.15521567399625,81.684086207984,82.115191867339
Brent Burns,23-24,D,CAR,83,82,82.55184124547013,81.70803707047266,83.38696438153777,82.54786123731115
Brett Pesce,23-24,D,CAR,83,82,82.70419509516613,81.66262257109867,83.47397711014398,82.43673780208142
Brian Dumoulin,23-24,D,SEA,81,82,81.07463028523172,81.32248422527354,81.91869354242735,82.1712988384947
Caleb Jones,23-24,D,COL,82,82,81.81939108620735,81.09038605513074,83.03627289658287,82.3141178719161
Cam York,23-24,D,PHI,84,82,83.21442922735828,81.9879470966494,84.13521020076506,82.91391128137228
Chad Ruhwedel,23-24,D,NYR/PIT,82,82,81.1019832744874,81.18654875198678,82.1136694889983,82.20392989676542
Connor Clifton,23-24,D,BUF,82,82,81.54653566586101,81.67486900659176,82.50481053502415,82.6385381457162
Dakota Mermis,23-24,D,MIN,81,82,80.95269954517167,81.45695977373538,81.26411124478386,81.77618718397383
Dmitry Kulikov,23-24,D,FLA,82,82,81.44798975605381,81.27263974315443,82.14728831024533,81.97587475159958
Dmitry Orlov,23-24,D,CAR,82,82,81.92779867666718,81.60790259862293,82.52161318895021,82.20505977999733
Dougie Hamilton,23-24,D,N.J,83,82,82.28824497315203,80.96746357091726,83.57943123806898,82.26591811293028
Dylan Samberg,23-24,D,WPG,83,82,82.28174138170047,81.67803149369684,83.27001320930276,82.67186644854453
Erik Cernak,23-24,D,T.B,83,82,82.32790183855947,81.54049184539946,83.19467318981087,82.41214237987253
Ethan Bear,23-24,D,WSH,84,82,83.67823759248266,81.92388152004406,84.67161508833178,82.92285088369492
Henry Thrun,23-24,D,S.J,82,82,82.19691993666194,82.32192957571831,82.46195946474484,82.59362098058875
Jani Hakanpaa,23-24,D,DAL,83,82,82.21068090563256,81.46372994657513,83.22116380051385,82.47990099806125
John Carlson,23-24,D,WSH,82,82,81.50095217269835,81.7206904174645,82.49557262806778,82.72090973743734
Jordan Oesterle,23-24,D,CGY,83,82,82.70504971970409,81.45073473704797,83.61994941167846,82.37078453374158
Justin Holl,23-24,D,DET,83,82,82.15646324303853,81.2692812002539,83.47296600762691,82.59319475223275
Kevin Bahl,23-24,D,N.J,82,82,81.19654253297239,81.42982878746992,82.53498791791925,82.77580847803952
Marc Staal,23-24,D,PHI,82,82,81.12720830586132,81.18712642856087,81.96369519179358,82.02832202201226
Marco Scandella,23-24,D,STL,82,82,81.31491920429458,81.71166646800054,82.21960630227446,82.62144618250835
Mark Giordano,23-24,D,TOR,82,82,81.15696844110224,81.03989565932957,82.18330092484393,82.0720055193393
Matt Dumba,23-24,D,ARI/T.B,82,82,81.6202311991977,81.58231792423109,82.5504818787105,82.5178051214263
Matt Grzelcyk,23-24,D,BOS,83,82,82.71105670784581,81.61806155267148,83.5183170756068,82.42986610758888
Matthew Kessel,23-24,D,STL,82,82,81.58766123262131,81.48555155827263,81.96836730216262,81.87581246623813
Mattias Ekholm,23-24,D,EDM,84,82,83.50596143668125,82.08903969263623,84.16626953231982,82.75306475951147
Mikey Anderson,23-24,D,L.A,81,82,80.99051381998771,81.15966636308389,81.69285149835288,81.86595760337894
Moritz Seider,23-24,D,DET,83,82,82.02741368301075,81.35073168628179,82.99666813216359,82.32544221106406
Nick Perbix,23-24,D,T.B,82,82,81.58947852153996,81.5714220489956,81.97379148087698,81.96322606925686
Nick Seeler,23-24,D,PHI,81,82,80.51173648336733,81.73282940285429,81.42080488731358,82.64701508634316
Rasmus Dahlin,23-24,D,BUF,84,82,83.49015745944916,81.78331281644964,84.15726439349572,82.45417499339267
Rasmus Ristolainen,23-24,D,PHI,82,82,81.0943760873929,81.53728739553522,81.97354638304513,82.42140666988794
Rasmus Sandin,23-24,D,WSH,83,82,82.59737330081381,81.37889662117014,83.78547244879078,82.57368375372359
Ryan Johnson (D),23-24,D,BUF,83,82,82.4997740692374,82.1100023774458,82.77726860882888,82.39446138569569
Scott Perunovich,23-24,D,STL,82,82,81.60451906163337,81.53626027614061,82.28867051501169,82.23374726789761
Sebastian Aho (D),23-24,D,NYI,82,82,81.98363581272874,81.0581958389802,83.01584980954635,82.09622031996665
Simon Edvinsson,23-24,D,DET,83,82,82.86901543147835,81.54131098389341,83.31664165368498,82.0001715849813
Simon Nemec,23-24,D,N.J,83,82,82.56719189450259,81.91651709837294,82.83498692195755,82.19103315925197
Troy Stecher,23-24,D,ARI/EDM,82,82,81.72518570741764,81.71507937812042,82.92734511463632,82.9240059171796
Tyler Myers,23-24,D,VAN,83,82,83.1149762949277,81.90465486072371,83.83890576408395,82.63265943517098
Urho Vaakanainen,23-24,D,ANA,82,82,81.45031697712636,81.10317530136841,82.89530016645868,82.55629251326945
Vincent Desharnais,23-24,D,EDM,81,82,81.01328073089913,81.36220536611303,81.89177405165373,82.25782235347171
Zach Whitecloud,23-24,D,VGK,83,82,82.12729899082765,81.27196584431567,83.08119269093775,82.23122915214311
Aaron Ekblad,24-25,D,FLA,83,82,82.74611418366555,81.04949564723226,83.71109605813464,82.01990954638045
Adam Boqvist,24-25,D,FLA/NYI,84,82,83.06044979299695,81.75747924256152,83.97457556536546,82.67675076314218
Adam Larsson,24-25,D,SEA,83,82,82.71427181280107,81.62996262923309,83.72698475751037,82.64837628382517
Albert Johansson,24-25,D,DET,82,82,82.22594495939067,81.52198173496363,82.51262355867732,81.81585530148354
Andrew Peeke,24-25,D,BOS,82,82,81.83947817690583,81.4927016937442,82.66218887119585,82.32004354734755
Artyom Levshunov,24-25,D,CHI,85,82,84.39567050821164,81.97467794580916,85.00689609468762,82.60124387536543
Brayden Pachal,24-25,D,CGY,81,82,80.33516237749764,81.37339426866772,80.92854557822415,81.9783437452641
Brendan Smith,24-25,D,DAL,81,82,80.6688925593533,81.41129559604036,82.0041702421018,82.75408975295075
Brenden Dillon,24-25,D,N.J,82,82,81.23503431216862,81.94482002560216,81.97086377700451,82.68479158255225
Brent Burns,24-25,D,CAR,82,82,81.86527429064985,81.37092011821885,82.69354344423094,82.20385172049689
Brian Dumoulin,24-25,D,ANA/N.J,81,82,80.96499089472474,81.500568440281,81.79601397839608,82.33626947492618
Cam York,24-25,D,PHI,83,82,82.94138077581107,81.66132666405123,83.91376230469723,82.63918187135785
Colin Miller,24-25,D,WPG,83,82,82.81520628847524,81.93087039481213,83.52421106755504,82.6438662659108
Connor Clifton,24-25,D,BUF,82,82,81.70287373953836,81.9922239647967,82.42158006547774,82.7149759941869
Dmitry Kulikov,24-25,D,FLA,83,82,82.79667460901207,81.8727129673052,83.77697412748954,82.85853073572929
Dmitry Orlov,24-25,D,CAR,82,82,82.08376995638429,81.40605239203005,82.78197125725187,82.10818397055115
Dougie Hamilton,24-25,D,N.J,83,82,82.69003455138676,81.53633129669682,83.7872248669543,82.63969785767321
Drew Doughty,24-25,D,L.A,82,82,82.06575703919869,81.13240768494151,82.85447801591562,81.92556848786016
Drew Helleson,24-25,D,ANA,81,82,80.99921191793008,81.6955017262113,81.37163665222397,82.07727345664223
Dylan Samberg,24-25,D,WPG,83,82,82.68591249348532,81.6939944038097,83.29182530573063,82.3033179882535
Emil Andrae,24-25,D,PHI,84,82,83.53432430018536,81.58475966785045,84.02638069072775,82.08916553134159
Erik Brannstrom,24-25,D,VAN,84,82,83.21108035258278,81.65349113934762,84.23070078705123,82.67885116697309
Erik Cernak,24-25,D,T.B,83,82,82.37095081090162,81.78011244729394,83.18203208085492,82.5957594128232
Ethan Del Mastro,24-25,D,CHI,81,82,80.93299400492367,81.83697877245693,81.30575068766046,82.21909078246598
Henry Thrun,24-25,D,S.J,82,82,81.62906243029542,81.58162615840848,82.0756269370034,82.03689513850223
Jacob Middleton,24-25,D,MIN,83,82,82.17920454430775,81.92607974262691,83.20106213309666,82.95368951784303
Jake Bean,24-25,D,CGY,82,82,81.72523330751989,81.61771856153202,83.02825625568909,82.92807641722555
Jamie Oleksiak,24-25,D,SEA,83,82,82.28119052217347,81.61367162019563,83.12527586621258,82.46250844459038
Janis Moser,24-25,D,T.B,83,82,82.19852581889101,81.22979293490432,82.97548422879683,82.01112495779594
Jayden Struble,24-25,D,MTL,81,82,80.99805162066474,81.58979870401905,81.71908725544185,82.32488882677902
Joel Hanley,24-25,D,CGY,82,82,81.8762842470851,81.20405663998193,82.6085085323367,81.94040272326245
Johnathan Kovacevic,24-25,D,N.J,82,82,81.09296968953974,81.227354688292,82.00298359519685,82.1424911958597
Jonas Brodin,24-25,D,MIN,83,82,83.03785690252762,81.93710893649137,83.81060986596353,82.71421183983735
Jonas Siegenthaler,24-25,D,N.J,84,82,83.6074750796055,81.07947011856609,84.97065352576124,82.45032209637817
Jordan Spence,24-25,D,L.A,83,82,82.9281366181801,81.8592734524816,83.95257396380543,82.8894775063642
Kevin Bahl,24-25,D,CGY,83,82,82.17790684426217,81.6877990524799,83.09426871055615,82.60931925428712
Lian Bichsel,24-25,D,DAL,82,82,81.95537261717996,82.25804800900293,82.2314249053253,82.54102856864402
Marc Del Gaizo,24-25,D,NSH,84,82,83.43859869604972,82.21134707351125,83.75124640233769,82.53184151132328
Matt Dumba,24-25,D,DAL,82,82,81.630531912869,81.28752220645164,82.37181259484242,82.03297566624106
Matthew Kessel,24-25,D,STL,82,82,81.5041424998145,81.50009133597979,81.98609741445631,81.99144055685198
Neal Pionk,24-25,D,WPG,82,82,81.61845716305163,81.77390523946278,82.32013743157897,82.47953536926349
Nick Perbix,24-25,D,T.B,82,82,81.51946210604562,81.36293926039767,82.16282203523068,82.0099207571016
Nolan Allan,24-25,D,CHI,83,82,82.33890763726082,81.56489433287055,82.7117764979269,81.94712133621447
Parker Wotherspoon,24-25,D,BOS,82,82,81.55105316104287,81.33000645466934,82.1628576948366,81.95373633452553
Ryan McDonagh,24-25,D,T.B,82,82,80.96200983575885,81.79690831181945,82.095676566973,82.93695661954271
Ryan Shea,24-25,D,PIT,81,82,80.7600280481488,81.46559219806694,81.64187970197962,82.3646329794161
Trevor Van Riemsdyk,24-25,D,WSH,82,82,81.2514766692392,81.17325310591299,82.15501026744593,82.08187282742806
Tyler Kleven,24-25,D,OTT,81,82,80.7824127151326,81.51978669780267,81.1796313597962,81.92697460818724
Tyson Barrie,24-25,D,CGY,82,82,81.51957496909787,80.9832016998309,82.76463477869136,82.23527013392977
Vladislav Gavrikov,24-25,D,L.A,81,82,80.35835058319574,81.22884049870007,81.59771316778915,82.47517963728271
Aaron Ekblad,25-26,D,FLA,83,82,83.11147513709128,81.54625918492528,83.88763280431564,82.32678595763728
Adam Boqvist,25-26,D,NYI,83,82,82.05006608911155,81.01216120685274,83.05772461026179,82.02549198579331
Adam Fox,25-26,D,NYR,82,82,81.66701881188548,81.15891084009588,82.50531326304376,82.00192417382337
Adam Larsson,25-26,D,SEA,83,82,82.93250495018366,81.83722629095158,83.67129106982517,82.58017114615139
Albert Johansson,25-26,D,DET,82,82,82.05794651275964,81.74508017753153,82.5685671368656,82.26565386231736
Alex Carrier,25-26,D,MTL,83,82,82.80649060889266,81.48191482004789,83.65850289481779,82.33872320824861
Axel Sandin-Pellikka,25-26,D,DET,82,82,82.27438635203063,82.02221115016917,82.64255380750429,82.399618753966
Ben Chiarot,25-26,D,DET,84,82,83.23195975970793,82.02244465640912,83.88287318565276,82.6770221696153
Brayden Pachal,25-26,D,CGY,81,82,80.84611537728738,81.44789931478056,81.85702493773242,82.46449943359353
Brenden Dillon,25-26,D,N.J,81,82,80.70198095969683,81.57846362065098,81.49694981806276,82.37790747546194
Brent Burns,25-26,D,COL,82,82,81.58991951674908,81.64724312555519,82.21916949075944,82.2800352400747
Cale Fleury,25-26,D,SEA,83,82,82.43498082910274,81.89819382589883,82.86267639266488,82.33662355508514
Charle-Edouard D'astous,25-26,D,T.B,84,82,83.3015200341413,82.13218509914545,83.73759546027429,82.5792050059968
Connor Clifton,25-26,D,PIT,82,82,81.64246992336606,81.75678800602932,82.45309364576954,82.57197484840641
Drew Helleson,25-26,D,ANA,82,82,81.96684749656063,81.44790701160872,82.71510694784476,82.21075159982495
Dylan Samberg,25-26,D,WPG,84,82,83.43677121852913,81.99376316554958,84.19498894853487,82.7562490145019
Emil Andrae,25-26,D,PHI,84,82,84.02311577869285,81.92898680576326,84.6699972256465,82.58847732095714
Henri Jokiharju,25-26,D,BOS,83,82,81.85990959471091,81.33036084009349,83.20371751804322,82.68173325556458
Jaccob Slavin,25-26,D,CAR,83,82,82.01607412286042,81.43570530835346,83.41612983384289,82.84364213853141
Jacob Bryson,25-26,D,BUF/WPG,82,82,81.21409398192128,81.39576133269432,82.47351732236041,82.66227415206325
Jacob Middleton,25-26,D,MIN,83,82,82.48755956193315,81.99957011415844,83.33886983141976,82.85567253416701
Jake Bean,25-26,D,CGY,82,82,81.77757307404013,81.38494336857705,82.86998953174835,82.4835091989472
Joel Hanley,25-26,D,CGY,82,82,81.87460262612055,81.1415530331031,82.72836410987553,82.00012046562512
Joel Nystrom,25-26,D,CAR,82,82,81.71365021775242,81.87061049498305,82.0107625850033,82.17517969281806
Jonas Brodin,25-26,D,MIN,83,82,82.4197438250762,81.52317780110516,83.4266197577779,82.53572158629191
Jonas Siegenthaler,25-26,D,N.J,84,82,83.53868057435622,81.45492792983066,84.69490208901006,82.61765798518176
Kyle Capobianco,25-26,D,DAL,82,82,82.19375596652895,82.04293277844833,82.73048342950958,82.59012217883497
Mason Lohrei,25-26,D,BOS,83,82,82.28313028267296,81.1175734201649,84.20711436952983,83.052387895984
Matt Grzelcyk,25-26,D,CHI,83,82,82.650247392718,81.16483932776988,83.99403203937634,82.5161883355392
Matt Roy,25-26,D,WSH,83,82,82.2824211599443,81.97841691790497,83.30161750723396,83.00335047110262
Neal Pionk,25-26,D,WPG,82,82,81.37586873953165,81.34369431641589,82.25064991943344,82.22339976804108
Nick Blankenburg,25-26,D,NSH,83,82,82.56449227830902,81.75830629420275,83.89189266436621,83.09317881196196
Nick Perbix,25-26,D,NSH,82,82,81.43225570916215,81.16173670619763,82.28934475902759,82.02365043618839
Nick Seeler,25-26,D,PHI,81,82,80.37300632314104,81.45061115188788,81.35059147209837,82.43369927120719
Nicolas Hague,25-26,D,NSH,82,82,81.0009437791204,81.18933996343317,82.13659155646474,82.3313804688862
Oliver Ekman-Larsson,25-26,D,TOR,84,82,83.3027238760853,81.71507053195909,84.30530451708037,82.72329484661142
Parker Wotherspoon,25-26,D,PIT,83,82,82.27378708503856,81.35981664621563,83.32608332408992,82.41803641532644
Ryan Lindgren,25-26,D,SEA,82,82,82.00514367839136,81.46685770043295,82.7861623499388,82.25227284077523
Ryan McDonagh,25-26,D,T.B,81,82,80.75251682084397,81.25817457165002,81.78210869261251,82.29356216726045
Ryan Shea,25-26,D,PIT,82,82,81.51114780534805,81.47282272706384,82.88248189114557,82.85187625381091
Scott Morrow,25-26,D,NYR,82,82,81.96064406360955,81.23461481923951,82.62512790881897,81.91205084013464
Simon Edvinsson,25-26,D,DET,83,82,82.86293697195066,81.97684436963259,83.85810624286154,82.97761559451016
Simon Nemec,25-26,D,N.J,83,82,82.03681751502079,81.28750453628219,82.97151149465604,82.22746004558874
Trevor Van Riemsdyk,25-26,D,WSH,82,82,81.47408006162871,81.28058296304158,82.26154608703143,82.07248175034077
Tyler Kleven,25-26,D,OTT,82,82,81.37335696883405,81.61127201564071,81.95682809149937,82.20611620710643
Tyler Tucker,25-26,D,STL,82,82,81.70141581353884,81.83347335799144,82.46179113092526,82.59812893970064
Vince Dunn,25-26,D,SEA,83,82,82.5324640090714,81.8823789253211,83.61425191050333,82.9702563697109
Vincent Desharnais,25-26,D,S.J,82,82,81.37547805481356,81.63075952413251,82.43298552320236,82.69421985735598
Alec Martinez,21-22,D,VGK,82,81,81.57161359367903,81.12460033801563,81.8721553474811,81.4326849920419
Andy Greene,21-22,D,NYI,80,81,80.14253341186169,80.75087384795944,80.48318805048648,81.1000781270836
Artem Zub,21-22,D,OTT,81,81,80.62881313596294,80.72348731557197,80.94474191441677,81.04734517284327
Cal Foote,21-22,D,T.B,80,81,79.58326380436054,80.32799815773343,79.99308176711583,80.74810159984075
Caleb Jones,21-22,D,CHI,82,81,81.5123653689334,81.18460627806184,81.95203807810704,81.63531375140602
Calvin De Haan,21-22,D,CHI,81,81,80.62346728529893,80.77335199034417,80.93759116405602,81.09535964912693
Cam York,21-22,D,PHI,82,81,81.32347500070018,80.87279036156198,81.70581624647255,81.2647274848854
Carson Soucy,21-22,D,SEA,81,81,80.62621665242975,80.46973585313249,81.00770223229816,80.86079583532444
Chris Wideman,21-22,D,MTL,81,81,80.61863291234644,81.22083283849041,80.9406258418971,81.55090704297135
Colton White,21-22,D,N.J,81,81,80.38057972667941,80.71572544350121,80.77155941569642,81.11651781493802
Connor Murphy,21-22,D,CHI,80,81,79.92583962057014,80.48950576983324,80.27693636349008,80.84941422582594
David Savard,21-22,D,MTL,80,81,80.15435361186645,80.54462769890198,80.5084179551931,80.90757823518143
Derek Forbort,21-22,D,BOS,80,81,80.04590722715672,80.50792412983206,80.4980865322849,80.97145208565149
Dougie Hamilton,21-22,D,N.J,83,81,82.48246504810716,80.70614559558928,83.1501819809069,81.39062067310071
Dylan Demelo,21-22,D,WPG,81,81,80.34606384572253,80.60699866538623,80.7166495191734,80.98688517881692
Esa Lindell,21-22,D,DAL,80,81,79.90514677321214,80.90149777606638,80.36969427259811,81.37770433910309
Gabriel Carlsson,21-22,D,CBJ,80,81,79.31929778597217,80.27895941335925,79.809378939222,80.78134046568789
Grant Hutton,21-22,D,NYI,80,81,79.51906938595062,80.81435180310255,80.17081534563808,81.48245507315794
Gustav Lindstrom,21-22,D,DET,81,81,81.21702203742808,80.96144289665327,81.55392905458062,81.30680549770744
Ian Cole,21-22,D,CAR,80,81,79.75104935229731,80.31673660494664,80.16433451455661,80.7403942652154
Ilya Lyubushkin,21-22,D,ARI/TOR,81,81,81.06300790478346,81.09952100112757,81.37966184315077,81.4241222181425
Jack Johnson,21-22,D,COL,81,81,80.32408095514214,81.14920935576464,80.72954465900193,81.56484925718789
Jacob Moverare,21-22,D,L.A,81,81,80.38185469787868,80.65760834140572,80.94944604864223,81.23944491724289
Jaycob Megna,21-22,D,S.J,80,81,80.08967039310488,80.97474763827786,80.49740149968781,81.39271184896815
Joel Edmundson,21-22,D,MTL,81,81,81.00110920864667,80.88021993954102,81.30262827120144,81.1893064305006
Jon Merrill,21-22,D,MIN,80,81,79.58443648394142,80.57715901879463,80.09575553130315,81.10131098706735
Kevin Shattenkirk,21-22,D,ANA,81,81,80.40442770413979,80.45609603715239,80.74970095983406,80.810034849911
Kris Russell,21-22,D,EDM,81,81,80.37551602616146,80.77282386257448,80.7107008948579,81.1164210932448
Kurtis MacDermid,21-22,D,COL,80,81,79.57200059688726,80.5552552450604,79.97266343039938,80.96597378543687
Lucas Carlsson,21-22,D,FLA,81,81,81.18988837134297,81.06386541742287,81.47589108433426,81.3570461344707
Marc Staal,21-22,D,DET,80,81,80.17340900810805,80.34583549159248,80.53447042903053,80.71595871586966
Marc-Edouard Vlasic,21-22,D,S.J,80,81,79.51228990931538,80.28545825178804,79.93748979131152,80.72132966359548
Marcus Pettersson,21-22,D,PIT,81,81,81.05993853504219,81.22279450688352,81.3422221936075,81.51216282987416
Michael Del Zotto,21-22,D,OTT,81,81,80.92805924956622,80.46895174285136,81.28941172197058,80.83937332332685
Mikey Anderson,21-22,D,L.A,81,81,80.57144506036515,80.5205017125851,80.92651057626739,80.8844785485473
Nick Holden,21-22,D,OTT,82,81,81.92339704869006,81.03503516263898,82.3490878123492,81.47140977609945
Nikita Zaitsev,21-22,D,OTT,80,81,80.04467531489654,80.54095313275175,80.3897779990357,80.89471709300527
Olli Juolevi,21-22,D,DET/FLA,81,81,81.31917741767582,80.8985802018198,81.67136429019382,81.25960614713242
Olli Maatta,21-22,D,L.A,81,81,80.82019649721579,81.02432618086657,81.12161880681059,81.33331349059151
Patrik Nemeth,21-22,D,NYR,80,81,80.20652988524361,80.59785136668594,80.55824406788932,80.95839275870797
Robert Hagg,21-22,D,BUF/FLA,81,81,80.37207209948517,80.57863141229682,80.70506734264383,80.9199840629122
Robin Salo,21-22,D,NYI,81,81,80.60685777748718,80.48481301517705,81.10507004260828,80.99552925140615
Ryan Graves,21-22,D,N.J,81,81,80.9131828578553,80.83374323291966,81.21885106971506,81.1470830071983
Ryan Suter,21-22,D,DAL,80,81,79.71372854686284,80.60252281782127,80.21267225617923,81.1139888557967
Scott Mayfield,21-22,D,NYI,81,81,80.36634636343959,81.29488399580916,80.74635311478343,81.68442803431412
Sebastian Aho (D),21-22,D,NYI,82,81,82.1743318931224,81.0483942453301,82.62475049334168,81.51011730663541
Shayne Gostisbehere,21-22,D,ARI,80,81,80.23964408612177,80.75426865153062,80.58764281540351,81.11100134093577
Torey Krug,21-22,D,STL,81,81,81.27707883492263,80.78239685393915,81.62596657167538,81.14004086283872
Travis Hamonic,21-22,D,OTT/VAN,81,81,80.69382406308311,80.79746232287403,81.02804080236886,81.14006712633324
Urho Vaakanainen,21-22,D,ANA/BOS,82,81,82.12974722921592,80.76263904620174,82.78917289351872,81.43861476362761
Victor Soderstrom,21-22,D,ARI,81,81,80.98033364723761,80.55593213646146,81.40943074090697,80.99579857090662
Will Butcher,21-22,D,BUF,80,81,80.1441969258858,80.54713300820958,80.6774417318922,81.09376102076186
William Lagesson,21-22,D,EDM/MTL,80,81,79.95449109767361,80.44025806837915,80.51761216638953,81.01751216846839
Adam Fox,22-23,D,NYR,82,81,81.27074204053267,80.75776817135001,81.7494099622012,81.24576632890204
Alec Martinez,22-23,D,VGK,81,81,80.97894947644441,80.81952944346402,81.48743662357099,81.33792806535556
Alex Pietrangelo,22-23,D,VGK,82,81,81.8265890765727,80.81461495802179,82.4235499065155,81.42321179928777
Andrew Peeke,22-23,D,CBJ,81,81,81.11247387039808,81.089718215418,81.71391680079589,81.70288452262265
Arber Xhekaj,22-23,D,MTL,81,81,80.4624500415303,80.87022149746005,80.77786512318617,81.19355276533645
Artem Zub,22-23,D,OTT,81,81,80.68370286165377,80.6376351801903,81.26465264798816,81.22990888922264
Ben Hutton,22-23,D,VGK,81,81,80.69328772816687,81.18492222018988,81.22897085076791,81.73104692382533
Brad Hunt,22-23,D,COL,80,81,79.90442572634058,80.86666518251323,80.61524147137123,81.5913362085657
Brendan Smith,22-23,D,N.J,80,81,79.85172812064826,81.03285181709415,80.54355591370073,81.7381647763918
Calvin De Haan,22-23,D,CAR,81,81,80.67470985210535,80.73956402574825,81.08635153690082,81.1592294653114
Carson Soucy,22-23,D,SEA,81,81,81.21647141293967,80.884079429951,81.75473230390739,81.43283214803363
Casey Fitzgerald,22-23,D,BUF/FLA,81,81,80.32163898200045,80.83295252264362,80.97093567089004,81.49490535787491
Chris Wideman,22-23,D,MTL,80,81,79.91009224785806,80.49023047971751,80.44024943059895,81.03072153140258
Colton White,22-23,D,ANA,81,81,80.56276839702772,80.95929269225181,81.10153135294381,81.5085572615755
Conor Timmins,22-23,D,ARI/TOR,81,81,80.76223388914796,80.71975707951133,81.26048976644876,81.23051802248456
Dante Fabbro,22-23,D,NSH,81,81,80.34059058619233,80.36399981214977,81.03754257012207,81.07453684348955
David Savard,22-23,D,MTL,81,81,80.82501302657012,81.05180809967607,81.33534463585555,81.5720871361399
Dennis Gilbert,22-23,D,CGY,80,81,80.15375867773368,80.52108350374746,80.49626628450557,80.87218725621702
Derek Forbort,22-23,D,BOS,81,81,80.22021648594095,80.99950600141507,80.8396152879649,81.6309781776244
Dougie Hamilton,22-23,D,N.J,82,81,81.41320483369236,80.23377165605551,82.34454260982942,81.18326314742019
Dylan Demelo,22-23,D,WPG,80,81,80.00287329974597,80.26825648385999,80.48416130986163,80.75892580084623
Esa Lindell,22-23,D,DAL,80,81,80.06265874843001,80.86208599134956,80.70217380089896,81.51406652567027
Ian Cole,22-23,D,T.B,81,81,80.62374048875299,81.06649456814446,81.16352098644226,81.61679651325223
Ilya Lyubushkin,22-23,D,BUF,81,81,80.37522055084614,80.3104689142463,81.00942985018581,80.957040275246
Jack Johnson,22-23,D,CHI/COL,80,81,79.81155478524664,80.93196046552427,80.74257499035467,81.8811281957384
Jacob Middleton,22-23,D,MIN,81,81,81.10599795719635,81.21991040425328,81.51901964711709,81.6409827481191
Jacob Trouba,22-23,D,NYR,80,81,79.91948389070612,80.7510975619696,80.76772719223915,81.61587489415652
Joel Edmundson,22-23,D,MTL,81,81,80.49645655402145,80.97263632565414,81.07745522153735,81.56495986866416
Joel Hanley,22-23,D,DAL,81,81,81.10317921894745,80.7474764790629,81.87750724534718,81.53689777328037
Jordan Gross,22-23,D,NSH,82,81,81.40530438351254,81.08385491102,81.7073841898092,81.39351621908743
Jordan Oesterle,22-23,D,DET,83,81,82.23422498688409,80.84022878137738,82.85174433791855,81.46978487217851
Josh Brown,22-23,D,ARI,80,81,80.0357297773095,80.79200987841642,80.67282813220807,81.44152660869197
Kevin Bahl,22-23,D,N.J,81,81,80.43485121214103,81.03967928504824,81.30725747539671,81.92909056546496
Kurtis MacDermid,22-23,D,COL,80,81,79.49309041126014,80.5393098410129,80.00790108707695,81.06415525035429
Lawrence Pilut,22-23,D,BUF,80,81,80.05245304653468,80.32460502552092,80.48632218643316,80.76936327347583
Libor Hajek,22-23,D,NYR,82,81,81.27470172047697,80.91424156426922,82.07446329445827,81.72959215894318
Marc-Edouard Vlasic,22-23,D,S.J,81,81,80.41190791183581,81.15027135039155,81.03851741742689,81.78909478181588
Marcus Pettersson,22-23,D,PIT,81,81,80.7974993061219,80.74099640024976,81.18572276434924,81.13678714317864
Matt Irwin,22-23,D,WSH,80,81,79.5730264791465,80.31594049259645,80.38495126720395,81.1436913877509
Michael Stone,22-23,D,CGY,80,81,79.68527945976903,80.42324395600997,80.14497741230372,80.89447925982904
Mikey Anderson,22-23,D,L.A,81,81,80.43705687918164,80.54858585241507,80.90542103462272,81.02607940185106
Olli Maatta,22-23,D,DET,81,81,80.96662949914042,80.87467293187605,81.36052202625203,81.27624324566257
Robert Bortuzzo,22-23,D,STL,81,81,80.8546697482562,81.04096917986377,81.31748230817075,81.51280292160057
Robert Hagg,22-23,D,DET,81,81,80.45319128602327,80.4796977227501,80.89576236071389,80.9308954305096
Ryan Graves,22-23,D,N.J,81,81,80.25880100285057,80.34131596245878,80.8064521461003,80.89964196842037
Ryan Suter,22-23,D,DAL,81,81,80.43682529235147,80.95197270256133,81.11045757567548,81.63873548370572
Tyler Tucker,22-23,D,STL,81,81,80.53141499633945,81.0762690525617,80.92222244212019,81.47688485785693
Tyson Barrie,22-23,D,EDM/NSH,82,81,81.33926079330415,81.0408325753163,81.78131865998392,81.49150707157071
Urho Vaakanainen,22-23,D,ANA,82,81,81.2127608197759,80.73138842509005,82.19797839085014,81.73580994094222
Jakub Zboril,22-23,D,BOS,82,81,81.46743432198046,81.25396638506271,81.90504396922069,81.70255901840895
Adam Fox,23-24,D,NYR,81,81,81.12440272031392,80.66969892013583,81.80796127279926,81.35710532409377
Alec Martinez,23-24,D,VGK,81,81,81.0039139048773,80.98321479842794,81.74444773488628,81.72791720211353
Alex Alexeyev,23-24,D,WSH,80,81,79.89577696241128,80.77662398083417,80.37971620538654,81.26999620873666
Alex Goligoski,23-24,D,MIN,82,81,81.58405696088863,80.88355848433059,82.34198471917708,81.64575272927222
Carson Soucy,23-24,D,VAN,81,81,80.52342919350009,80.287413445307,81.36755140307693,81.136287342761
Conor Timmins,23-24,D,TOR,82,81,81.52308150157872,80.79531325005583,82.37415034353546,81.66297119834097
David Jiricek,23-24,D,CBJ,80,81,80.16870896555446,80.74909326583881,80.50540941713824,81.09424411700805
Dennis Gilbert,23-24,D,CGY,80,81,79.84247662740844,80.60627131140558,80.41502547794384,81.18998033288308
Esa Lindell,23-24,D,DAL,80,81,79.92836804560595,80.71645437399297,80.85566712502995,81.64897335610904
Gustav Lindstrom,23-24,D,ANA/MTL,81,81,80.45156893617504,80.42108709401667,81.2929331720366,81.26718749271635
Ilya Lyubushkin,23-24,D,ANA/TOR,82,81,81.13539369991814,81.03159656712353,82.03355815065802,81.9348169174522
Jack Johnson,23-24,D,COL,80,81,79.77289662474605,80.23641009927266,81.08384679755486,81.55473980311741
Jacob Moverare,23-24,D,L.A,80,81,79.20909574271278,80.47057136922771,80.13109880898531,81.41054619776843
Jacob Trouba,23-24,D,NYR,80,81,79.55777815826549,80.0460761736872,80.87205887626732,81.36775517085296
Jarred Tinordi,23-24,D,CHI,81,81,80.95456245730712,81.1336978705552,81.61171812523727,81.80366287271562
Jaycob Megna,23-24,D,CHI,80,81,79.76036183409909,80.38514527849765,80.85443871779601,81.48538088163824
Joel Edmundson,23-24,D,TOR/WSH,80,81,79.82516947173508,80.58856372084341,80.7020412540791,81.47037154321899
Joel Hanley,23-24,D,CGY/DAL,81,81,80.7189858580551,80.37149493836185,81.80586616558926,81.46449345475564
John Ludvig,23-24,D,PIT,80,81,79.92703845318428,80.89125024643974,80.3874172412592,81.36318347319038
Johnathan Kovacevic,23-24,D,MTL,81,81,80.33791905082481,80.59100829467249,80.86781632794859,81.13123437463803
Kevin Shattenkirk,23-24,D,BOS,80,81,79.93052277825822,80.27776834449426,80.80305495906228,81.15521213707554
Kyle Burroughs,23-24,D,S.J,81,81,80.58885104531895,80.47883257220542,81.51519057183069,81.41038659994497
Logan Stanley,23-24,D,WPG,80,81,79.26938153345102,80.17174898088837,80.40915961016708,81.3179430357748
Louis Crevier,23-24,D,CHI,81,81,80.78999620300425,80.9832418417018,81.09007586235695,81.29085280378092
Marc-Edouard Vlasic,23-24,D,S.J,80,81,79.96447142253717,80.6198757467082,80.83765944743128,81.49797907522219
Marcus Pettersson,23-24,D,PIT,81,81,80.6232038213415,80.40687825501547,81.34450736542036,81.13224212266745
Mason Lohrei,23-24,D,BOS,81,81,80.89256874794573,80.59108434567251,81.25722052225314,80.96488803286852
Neal Pionk,23-24,D,WPG,81,81,80.50722722179462,80.58457288700481,81.1945336871815,81.2757483014164
Nicolas Hague,23-24,D,VGK,82,81,81.05382996661565,80.2794988822045,82.18935710734868,81.42141807196502
Olli Maatta,23-24,D,DET,81,81,81.16782298232773,80.830216052885,81.77821994559206,81.44404903029242
Parker Wotherspoon,23-24,D,BOS,81,81,80.63539632465256,81.10588115320817,81.01745720867272,81.49753087835035
Robert Bortuzzo,23-24,D,NYI/STL,80,81,79.88065607896212,80.26796023541617,80.63460099915626,81.026149222283
Ryan Suter,23-24,D,DAL,81,81,80.63451006450006,80.90394427578558,81.62865254203307,81.90368292731456
Samuel Bolduc,23-24,D,NYI,80,81,79.51129860041164,80.40417088470582,80.32467931237623,81.2334060827602
Scott Mayfield,23-24,D,NYI,80,81,79.64974775363382,80.42155945605649,80.44337859076673,81.21965775771639
Shayne Gostisbehere,23-24,D,DET,81,81,80.53646817925345,80.46272893087192,81.57993815315304,81.51207275048829
Tj Brodie,23-24,D,TOR,82,81,81.11487376052598,80.51617643370825,82.07713283809959,81.4838522089374
Travis Dermott,23-24,D,ARI,81,81,80.5312465181757,81.08142508554859,80.9898607023856,81.54897861648405
Tyler Tucker,23-24,D,STL,81,81,80.40666355838096,80.74987357697475,80.92012321522172,81.27334163316318
Tyson Barrie,23-24,D,NSH,81,81,80.57277381373997,79.90463134195386,81.8735882898415,81.21276829376613
William Lagesson,23-24,D,ANA/TOR,80,81,79.92886306385867,80.49987043958036,80.62998852383402,81.21466229671617
Zac Jones,23-24,D,NYR,81,81,80.7280177846848,80.50341136541705,81.70060538056485,81.49495672152321
Radko Gudas,23-24,D,ANA,81,81,79.96786070308835,80.2861315770325,81.07653821569433,81.40104999816639
Adam Fox,24-25,D,NYR,82,81,81.16018292686107,80.6092050381607,81.86510100288548,81.31809120155235
Alec Martinez,24-25,D,CHI,81,81,80.26924124314279,80.48749064895262,81.03848805790817,81.26106766700231
Alex Pietrangelo,24-25,D,VGK,82,81,81.31839159176828,80.37070931427812,82.38528959303329,81.44361304106637
Andreas Englund,24-25,D,L.A/NSH,80,81,79.38634139868671,80.31028637134135,80.92883704085098,81.86146494799104
Arber Xhekaj,24-25,D,MTL,81,81,80.63386267798849,81.11608070887974,81.32360323112965,81.80970391288304
Brandon Carlo,24-25,D,BOS/TOR,82,81,81.21723713004923,80.6565842100776,82.11052822917458,81.55490377597984
Brett Pesce,24-25,D,N.J,82,81,81.70250789667429,80.82237145116393,82.4609861660842,81.58511930613497
Calvin De Haan,24-25,D,COL/NYR,81,81,80.46145032238186,80.5380974058069,81.23055295439535,81.31152942947881
Carson Soucy,24-25,D,NYR/VAN,82,81,81.37729313644613,80.95938843327417,82.24748955068766,81.83448331091992
Conor Timmins,24-25,D,PIT/TOR,82,81,81.47318966414726,80.7039560688116,82.70642793633428,81.94413642033398
Dante Fabbro,24-25,D,CBJ/NSH,81,81,80.55660821463891,80.55271386472465,81.3779014415428,81.37863027180978
Derek Forbort,24-25,D,VAN,80,81,79.72491367956843,80.1038548134092,80.82017076033422,81.20527725712125
Dylan Demelo,24-25,D,WPG,81,81,80.0961025793373,80.26499923764618,81.02467269697165,81.19879641283333
Erik Johnson,24-25,D,COL/PHI,80,81,79.54895969212026,80.68740288893885,80.85873923083945,82.00455536902278
Ian Cole,24-25,D,UTA,80,81,79.68828646192229,80.28509309598714,80.6350063595029,81.23714221889715
Ilya Lyubushkin,24-25,D,DAL,82,81,81.09314112821001,80.71953211806748,81.95156133473026,81.58278449798935
Jack Johnson,24-25,D,CBJ,81,81,80.09964706025531,80.7434291856818,81.2488747205903,81.89912601728103
Jacob Bernard-Docker,24-25,D,BUF/OTT,81,81,80.52916968961412,80.4856665635295,81.46049772517964,81.42223718137286
Jacob Trouba,24-25,D,ANA/NYR,79,81,78.78435668714388,80.07558493353086,80.14165179923569,81.44052045912758
Jake Christiansen,24-25,D,CBJ,80,81,79.96652310866162,80.7288032640036,80.6318138409264,81.4070618998653
Joel Edmundson,24-25,D,L.A,80,81,79.14814526254911,80.17494532574734,79.93812282002492,80.96936978290248
Justin Holl,24-25,D,DET,82,81,81.34643932660403,80.77539611811201,82.38622857189488,81.82103848975778
Keaton Middleton,24-25,D,COL,80,81,79.64683906305471,80.504936365381,80.03034912801392,80.8980716425391
Logan Stanley,24-25,D,WPG,80,81,79.2481441230594,80.0359702319224,80.32397737456589,81.11785950678787
Marc-Edouard Vlasic,24-25,D,S.J,81,81,80.2216341499196,80.57449427322845,81.31926001139733,81.67829883186695
Marcus Pettersson,24-25,D,PIT/VAN,81,81,80.76337850060484,80.56974550020487,81.47027892248431,81.28062516836751
Mikey Anderson,24-25,D,L.A,81,81,80.26489784152554,80.36723733866332,81.00036724056201,81.10684680295074
Nick Desimone,24-25,D,UTA,81,81,80.53710290305126,80.29145594434324,81.35211643842926,81.122355792944
Nick Seeler,24-25,D,PHI,80,81,79.38505840970863,80.8702388890186,80.34656395150576,81.83715688670769
Nicolas Hague,24-25,D,VGK,81,81,80.8718037130837,80.59490561887696,81.88546846284301,81.61427643636948
Noah Juulsen,24-25,D,VAN,80,81,79.95514001426929,80.32687972182283,80.55306223462311,80.93645669300358
Owen Pickering,24-25,D,PIT,80,81,80.25362871908995,80.40738362807892,80.64675864051436,80.81038019776416
Radko Gudas,24-25,D,ANA,80,81,79.77609490200106,80.66990506742131,80.82535406220609,81.72507066152298
Ryan Graves,24-25,D,PIT,81,81,80.20250386241388,80.9262787470729,81.0892248430195,81.81799121029344
Ryan Suter,24-25,D,STL,81,81,80.72816580261416,80.72000029743899,81.41126936493453,81.4069491500255
Scott Mayfield,24-25,D,NYI,80,81,80.05419955990402,80.82508999702412,80.87557147310697,81.65108553334507
Shayne Gostisbehere,24-25,D,CAR,81,81,80.83849731481793,80.50037239976861,81.79140123832228,81.45864035939242
Simon Nemec,24-25,D,N.J,81,81,81.15310691872467,80.76880846323684,81.70482171744254,81.33127733378494
Tj Brodie,24-25,D,CHI,82,81,81.31397850009655,80.85045529180617,82.06494045710376,81.60564452394821
Travis Hamonic,24-25,D,OTT,80,81,80.02086701225886,80.3861987075807,80.94818786128374,81.31873958184194
Tyler Tucker,24-25,D,STL,81,81,80.82536522574603,81.04345995413702,81.63612588126435,81.85878450044557
Urho Vaakanainen,24-25,D,ANA/NYR,81,81,80.41068359285292,80.62989173066744,81.27901269174905,81.50310878157549
Vincent Desharnais,24-25,D,PIT/S.J/VAN,81,81,80.11346296994715,80.34016892036915,81.32741153331001,81.5609509784637
Zac Jones,24-25,D,NYR,81,81,80.03025732022819,80.29930922488258,81.8174269212093,82.09653906599368
Alec Regula,25-26,D,EDM,81,81,80.66570653578303,80.67198935869696,81.19715353264667,81.21379536567147
Alex Petrovic,25-26,D,DAL,81,81,80.5402317547122,81.01924058793936,80.86835785905812,81.35560189566296
Andrew Peeke,25-26,D,BOS,82,81,81.09355730455478,80.5600754715723,82.08005962272965,81.55213095616415
Arber Xhekaj,25-26,D,MTL,80,81,79.91198931440782,80.58583909033861,80.71726420056645,81.39564698708615
Ben Hutton,25-26,D,VGK,80,81,79.83295400942328,80.45093788102291,80.613955458023,81.23633570146697
Brandon Carlo,25-26,D,TOR,82,81,81.17425374309514,80.84140426084906,81.99561696030445,81.66739105222534
Brett Pesce,25-26,D,N.J,81,81,80.57701498774901,80.37121352134815,81.45855602310698,81.25771688064856
Brian Dumoulin,25-26,D,L.A,81,81,80.50731800489548,80.5479817715699,81.44647755652132,81.49242799022753
Carson Soucy,25-26,D,NYI/NYR,82,81,81.44137042861371,80.55837069898973,82.37610459230496,81.49836661855424
Colton White,25-26,D,N.J,81,81,80.47402264580784,80.46158020412311,81.39176996641069,81.38449365916495
Conor Timmins,25-26,D,BUF,82,81,81.33895156451644,80.52366948588535,82.49369448411831,81.6849126229558
Dante Fabbro,25-26,D,CBJ,81,81,80.1853412844111,80.16621815566148,81.095729324283,81.08173090350041
Dmitry Orlov,25-26,D,S.J,82,81,81.20227193671084,80.49346752684379,82.0177412090125,81.31352719543099
Dougie Hamilton,25-26,D,N.J,82,81,81.73286102711116,80.08648181907412,82.82371587208476,81.18347724616225
Hunter Brzustewicz,25-26,D,CGY,81,81,81.22805552876365,80.98191008352995,81.68666670483174,81.45203133531642
Ian Cole,25-26,D,UTA,81,81,80.19011427166964,80.51060174530379,81.19355603874462,81.51969203344119
Ilya Lyubushkin,25-26,D,DAL,81,81,80.8708617952938,80.30150628301402,81.59191616498123,81.02661957363534
Ilya Solovyov,25-26,D,COL/PIT,80,81,80.16675122965715,80.65806276216253,80.72107948353265,81.22630336817396
Jack St. Ivany,25-26,D,PIT,82,81,81.11659322107835,80.64296251723896,81.89970133329948,81.44133503945822
Jacob Trouba,25-26,D,ANA,80,81,79.33035026475686,80.1959140727901,80.40987834865815,81.28151897880451
Jake Christiansen,25-26,D,CBJ,81,81,80.36220992697089,80.53197163684645,81.44336656669756,81.61921426606614
Jayden Struble,25-26,D,MTL,80,81,79.6656807893388,80.11098818715172,80.76476224623619,81.21625653497024
Joel Edmundson,25-26,D,L.A,80,81,79.92805701094767,80.77333183537277,80.78150933084129,81.63158836370465
John Klingberg,25-26,D,S.J,85,81,84.45846938628749,80.4652832728126,86.39721827123425,82.41494565993825
Lian Bichsel,25-26,D,DAL,81,81,80.85900718045782,80.88974672282556,81.43979952014892,81.48185991625125
Logan Stanley,25-26,D,BUF/WPG,81,81,80.47134201138952,80.68641708355675,81.37821248145333,81.5983924606706
Nick Desimone,25-26,D,UTA,82,81,81.18321448920773,80.79997079849362,82.37417880714972,81.99763922947456
Noah Juulsen,25-26,D,PHI,81,81,80.04926050182831,80.186095169066,81.03607089812091,81.17846046599256
Olli Maatta,25-26,D,CGY/UTA,83,81,81.94050606004049,80.60525586255683,83.11033929369287,81.78167425927161
Radko Gudas,25-26,D,ANA,81,81,80.12427544210098,80.72091297587775,81.0375632945924,81.63934185980727
Ryan Graves,25-26,D,PIT,80,81,79.93633502285928,80.74641562825688,80.83963950448279,81.65480494345783
Scott Mayfield,25-26,D,NYI,80,81,79.75902383678925,80.68887023197573,81.0311813464591,81.968188903084
Shayne Gostisbehere,25-26,D,CAR,82,81,81.65291398249971,81.14924480602023,82.32657029782924,81.82669323167528
Urho Vaakanainen,25-26,D,NYR,81,81,80.09527409608093,80.5267824915477,81.1093958434432,81.54661287914978
Zach Metsa,25-26,D,BUF,81,81,80.82974470877278,80.93530073620467,81.17815283174745,81.29245309413392
Alex Edler,21-22,D,L.A,80,80,79.90445175997989,80.27593255495756,80.27540055119745,80.6561912995678
Andrej Sekera,21-22,D,DAL,80,80,79.51518650458887,80.12475636319418,80.04310407885441,80.6659234428576
Andrej Sustr,21-22,D,ANA/T.B,80,80,79.70556111808592,80.01114306135122,80.23000744327669,80.54875177164764
Ben Harpur,21-22,D,NSH,79,80,79.20643712692805,80.03163743887745,79.71595550828708,80.55394354861157
Brad Hunt,21-22,D,VAN,80,80,79.80072963840118,80.16793355753542,80.25748566408542,80.63615309897068
Brayden McNabb,21-22,D,VGK,79,80,78.65672755606515,79.5267300975786,79.23700356980798,80.12156969198466
Danny Dekeyser,21-22,D,DET,79,80,78.97125125342109,79.66508598188481,79.47165122913574,80.17804483516396
Dante Fabbro,21-22,D,NSH,80,80,80.1325789096978,80.00759791535613,80.69378867074363,80.58289273839044
Gavin Bayreuther,21-22,D,CBJ,79,80,78.61255373856929,79.82874488749388,79.12317997606019,80.35218665797656
Jordie Benn,21-22,D,MIN,79,80,78.90148310952134,79.89899767458594,79.358838646756,80.36783177391958
Josh Brown,21-22,D,BOS/OTT,80,80,79.93115336477757,80.2444959439652,80.33584540604741,80.65934481585913
Keith Yandle,21-22,D,PHI,80,80,79.5993015746263,80.22332369556062,80.03423858094018,80.66917661089862
Kevin Bahl,21-22,D,N.J,80,80,79.5719985327563,79.81056473490068,80.21391062056632,80.46858732572674
Kyle Burroughs,21-22,D,VAN,80,80,79.68445819801697,79.93316216106071,80.1538866734639,80.41437220132487
Logan Stanley,21-22,D,WPG,80,80,79.38356291520651,79.96326833358243,79.92483533519432,80.51812543458855
Luke Schenn,21-22,D,VAN,79,80,79.15592297053577,80.13365988335464,79.67790358558479,80.66874099990962
Matt Irwin,21-22,D,WSH,80,80,79.89844398565272,80.1461620791732,80.51491529377647,80.77810538581112
Nathan Beaulieu,21-22,D,WPG,79,80,78.39329412214552,80.15659427246176,79.05216802125386,80.83200437666787
P.K. Subban,21-22,D,N.J,79,80,78.92388463741608,79.77033496270505,79.43045176604619,80.28961575011895
Alex Edler,22-23,D,L.A,78,80,78.08669021892042,79.09441545550767,78.88870291155648,79.91206104783286
Ben Harpur,22-23,D,NYR,80,80,79.42890500771144,80.16692774242185,80.07492239116141,80.8255373517127
Brayden McNabb,22-23,D,VGK,78,80,77.83188721328794,79.05289819216694,78.81421511939637,80.05437371745772
Cal Foote,22-23,D,NSH/T.B,79,80,78.87478991032376,79.56444161358571,79.63298259310403,80.33741305269213
Connor Murphy,22-23,D,CHI,80,80,79.62374675627179,79.84448186690891,80.29115674341746,80.52490106634808
Gavin Bayreuther,22-23,D,CBJ,79,80,78.24335854813108,79.69286363136823,78.90358713824712,80.36596145337542
Jacob Bernard-Docker,22-23,D,OTT,80,80,80.11359962331014,80.14950690273585,80.47876111320758,80.52383309819976
Jon Merrill,22-23,D,MIN,79,80,78.2674723187496,79.32981849093213,79.14088980082799,80.22026070093494
Kevin Shattenkirk,22-23,D,ANA,80,80,79.43266099021476,79.90201648915418,80.0079559205134,80.48852511721546
Kyle Burroughs,22-23,D,VAN,80,80,79.71921248640076,79.97263932814944,80.32174663536023,80.58691812404086
Logan Stanley,22-23,D,WPG,79,80,78.91297401064254,79.84350566229027,79.70630079651485,80.65229604141756
Luke Schenn,22-23,D,TOR/VAN,79,80,78.64501242727532,79.72860690384087,79.39961521689081,80.49791847527928
Nathan Beaulieu,22-23,D,ANA,78,80,77.87311856965269,79.96983332533472,78.72033911168164,80.83356796230223
Nick Cicek,22-23,D,S.J,81,80,80.65988480326976,80.22806410327989,81.11207683980969,80.69160511003994
Nick Holden,22-23,D,OTT,81,80,80.27816157675896,80.07489289443693,81.08509394889705,80.89755406107588
Nikita Zaitsev,22-23,D,CHI/OTT,80,80,79.66062789533075,80.2001546047056,80.16380884407234,80.71314359934148
Patrik Nemeth,22-23,D,ARI,80,80,79.46374737689025,80.16412168464977,80.05800345769681,80.76996105557906
Samuel Bolduc,22-23,D,NYI,80,80,79.21102580127211,79.73936281954227,79.83405379019693,80.3780273644461
Torey Krug,22-23,D,STL,80,80,80.1946957068343,79.9554381478046,80.73601166521452,80.50730548293383
Travis Hamonic,22-23,D,OTT,80,80,80.15111374910146,80.16469079741655,80.72344812146297,80.74818116009334
Zac Jones,22-23,D,NYR,81,80,80.7372027693221,79.81949141783363,81.45017669638997,80.55035933509191
Artem Zub,23-24,D,OTT,80,80,79.854259474825,80.02017468226596,80.77238823476837,80.94347172382638
Brayden McNabb,23-24,D,VGK,78,80,77.52783905454118,79.03921155244913,78.9794848025037,80.4990288275013
Calvin De Haan,23-24,D,T.B,81,80,80.20050111070735,80.1426264325011,80.90058051327189,80.84664668482944
Connor Murphy,23-24,D,CHI,80,80,79.43891020057636,79.83117329554855,80.42206207950746,80.81985948078211
Dante Fabbro,23-24,D,NSH,80,80,79.68072816815072,79.73468503103298,80.69828264095975,80.75796746739745
David Savard,23-24,D,MTL,79,80,78.62190203960523,79.34691259590569,79.71516898310628,80.4463336995781
Derek Forbort,23-24,D,BOS,80,80,79.13877263272423,79.69200175832506,80.11753752575612,80.67627626267159
Dylan Demelo,23-24,D,WPG,80,80,79.55008896093926,79.65098433579867,80.43574014894246,80.54162098439713
Egor Zamula,23-24,D,PHI,80,80,79.6621809053449,80.18937578777975,80.15136059057303,80.69083274733237
Erik Johnson,23-24,D,BUF/PHI,80,80,79.39084730387036,79.8431154409448,80.54257822284121,81.00132962239037
Ian Cole,23-24,D,VAN,80,80,79.45847683466447,80.02844227419753,80.39084455882765,80.96605843319836
Jacob Bernard-Docker,23-24,D,OTT,80,80,79.83090918035926,80.13417443326728,80.3625662886623,80.67619464719125
Jon Merrill,23-24,D,MIN,79,80,77.92938706463731,79.40011232170706,79.13193674156958,80.60943132736534
Josh Brown,23-24,D,ARI,79,80,78.9372842708419,79.741964596649,79.86916341133147,80.67908942166694
Luke Schenn,23-24,D,NSH,79,80,78.7847396045598,79.6881188406501,79.93051369807229,80.84034266479203
Nick Desimone,23-24,D,CGY/N.J,81,80,80.2012576066913,79.8380402147242,80.85693733767002,80.51017598459684
Nikita Zaitsev,23-24,D,CHI,80,80,79.11866528301205,79.96673045756063,79.93650892156981,80.78917785806027
Noah Juulsen,23-24,D,VAN,80,80,79.61825176966866,80.00837668470638,80.07398259700354,80.475545297694
Ryan Graves,23-24,D,PIT,80,80,79.4244297941464,79.89868466701844,80.31849136766138,80.79777904442379
Ryan Shea,23-24,D,PIT,79,80,78.7873433296368,80.08645479909958,79.37242560328252,80.68622127937297
Travis Hamonic,23-24,D,OTT,80,80,79.28893471514914,79.77302552465511,80.20525568804798,80.69450460287226
Artem Zub,24-25,D,OTT,80,80,79.22076623501692,79.58545519945831,80.28606407740503,80.65674975984035
Brayden McNabb,24-25,D,VGK,78,80,77.72347019433286,79.00232591695756,79.23000487944591,80.51734110704794
Connor Murphy,24-25,D,CHI,79,80,78.39387572571093,78.9747091418961,79.49287425677404,80.07989409707864
David Savard,24-25,D,MTL,79,80,78.25525705564442,79.31364548769056,79.43407886799409,80.49910306113209
Dennis Cholowski,24-25,D,N.J/NYI,81,80,80.33203654937299,80.05022979639791,80.85258408096021,80.58384186242354
Dennis Gilbert,24-25,D,BUF/OTT,79,80,78.5009592045789,79.44466098976396,79.48401337645649,80.43324891793667
Egor Zamula,24-25,D,PHI,80,80,79.42279671597937,79.88963620808582,80.19372454439652,80.67559102737214
Esa Lindell,24-25,D,DAL,80,80,79.09132127837576,80.01406876003382,79.99268037110657,80.92050173546231
Jack St. Ivany,24-25,D,PIT,81,80,80.65484571124665,80.0634154009548,81.26682553609221,80.69075449851253
Jacob Moverare,24-25,D,L.A,79,80,78.5586857130961,79.57987958700416,79.9920084948878,81.0212707532182
Jon Merrill,24-25,D,MIN,79,80,78.28203920633005,79.57275181530069,79.4383764686765,80.73559826990515
Luke Schenn,24-25,D,NSH/WPG,80,80,78.94624391207408,79.72668640814989,80.06479550799804,80.85153449526675
Michael Callahan,24-25,D,BOS,80,80,79.34543973155593,79.50038204778149,80.01223539052576,80.18391272962891
Travis Dermott,24-25,D,EDM/MIN,80,80,79.17967390128673,79.7243585333466,80.02598199541725,80.57543062001943
Artem Zub,25-26,D,OTT,80,80,79.27059617158969,79.89554438982564,80.35802520340296,80.98909471934809
Brayden McNabb,25-26,D,VGK,79,80,78.00549807557083,79.24525451304643,79.17094283342347,80.41725973058674
Connor Murphy,25-26,D,CHI/EDM,79,80,78.34026806165863,79.37102495286344,79.39038806646789,80.42705623739002
David Jiricek,25-26,D,MIN,79,80,79.04225582073275,79.55724011951331,79.89563481017653,80.427253244877
Dennis Cholowski,25-26,D,N.J,80,80,79.5772647485218,79.49595760501018,80.43943206356585,80.37493035876498
Dylan Demelo,25-26,D,WPG,80,80,79.87345618655091,79.92947738312992,80.89733538635878,80.9591201493103
Egor Zamula,25-26,D,CBJ/PHI,79,80,78.17067003923292,79.04938592299219,79.44185577313307,80.32772734806224
Esa Lindell,25-26,D,DAL,79,80,78.67911588148105,79.8364304324432,79.56001049010744,80.72228372618103
Jacob Bernard-Docker,25-26,D,DET,81,80,80.21711177053741,79.9209318816463,81.3628204352881,81.07308990871834
Johnathan Kovacevic,25-26,D,N.J,80,80,78.95360074753991,79.04589641425228,80.25706316684335,80.35669621492761
Luke Schenn,25-26,D,WPG,79,80,78.72102494420041,79.43848026438786,79.75264309936198,80.47590554963809
Marcus Pettersson,25-26,D,VAN,81,80,80.13549099705578,79.81022754333088,80.98641703645598,80.66594357036546
Mikey Anderson,25-26,D,L.A,81,80,80.08512133357976,79.88698704605372,81.03878251918451,80.84601653051749
Travis Hamonic,25-26,D,DET,80,80,79.71632358522432,79.83937850421609,80.90603537003443,81.03578735137224
Vincent Iorio,25-26,D,NYR/S.J,81,80,80.38259320059717,80.1175408875164,80.98438809548844,80.73443943702532
Zdeno Chara,21-22,D,NYI,78,79,77.26968735383177,79.08637579839822,77.93265202081783,79.76597933925787
Kyle Burroughs,24-25,D,L.A,79,79,78.78017643968909,78.82047609153037,80.11352974463001,80.16133503802791
